<annotation>
  <folder>Definitiva</folder>
  <filename>armas (820)</filename>
  <path>C:\Users\Rob\Desktop\Definitiva\armas (820).jpg</path>
  <source>
    <database>Unknown</database>
  </source>
  <size>
    <width>300</width>
    <height>157</height>
    <depth>1</depth>
  </size>
  <segmented>0</segmented>
  <object>
    <name>pistol</name>
    <pose>Unspecified</pose>
    <truncated>0</truncated>
    <difficult>0</difficult>
    <bndbox>
      <xmin>3</xmin>
      <ymin>13</ymin>
      <xmax>297</xmax>
      <ymax>139</ymax>
    </bndbox>
  </object>
</annotation>
