<annotation>
  <folder>Definitiva</folder>
  <filename>armas (421)</filename>
  <path>C:\Users\Rob\Desktop\Definitiva\armas (421).jpg</path>
  <source>
    <database>Unknown</database>
  </source>
  <size>
    <width>682</width>
    <height>1023</height>
    <depth>3</depth>
  </size>
  <segmented>0</segmented>
  <object>
    <name>pistol</name>
    <pose>Unspecified</pose>
    <truncated>0</truncated>
    <difficult>0</difficult>
    <bndbox>
      <xmin>293</xmin>
      <ymin>443</ymin>
      <xmax>378</xmax>
      <ymax>623</ymax>
    </bndbox>
  </object>
</annotation>
