<annotation>
  <folder>Definitiva</folder>
  <filename>armas (1157)</filename>
  <path>C:\Users\Rob\Desktop\Definitiva\armas (1157).jpg</path>
  <source>
    <database>Unknown</database>
  </source>
  <size>
    <width>2000</width>
    <height>1000</height>
    <depth>3</depth>
  </size>
  <segmented>0</segmented>
  <object>
    <name>pistol</name>
    <pose>Unspecified</pose>
    <truncated>0</truncated>
    <difficult>0</difficult>
    <bndbox>
      <xmin>553</xmin>
      <ymin>103</ymin>
      <xmax>1078</xmax>
      <ymax>1000</ymax>
    </bndbox>
  </object>
</annotation>
