<annotation>
  <folder>Definitiva</folder>
  <filename>armas (1927)</filename>
  <path>C:\Users\Rob\Desktop\Definitiva\armas (1927).jpg</path>
  <source>
    <database>Unknown</database>
  </source>
  <size>
    <width>780</width>
    <height>456</height>
    <depth>1</depth>
  </size>
  <segmented>0</segmented>
  <object>
    <name>pistol</name>
    <pose>Unspecified</pose>
    <truncated>0</truncated>
    <difficult>0</difficult>
    <bndbox>
      <xmin>237</xmin>
      <ymin>8</ymin>
      <xmax>519</xmax>
      <ymax>208</ymax>
    </bndbox>
  </object>
</annotation>
