<annotation>
  <folder>Definitiva</folder>
  <filename>armas (1878)</filename>
  <path>C:\Users\Rob\Desktop\Definitiva\armas (1878).jpg</path>
  <source>
    <database>Unknown</database>
  </source>
  <size>
    <width>800</width>
    <height>600</height>
    <depth>3</depth>
  </size>
  <segmented>0</segmented>
  <object>
    <name>pistol</name>
    <pose>Unspecified</pose>
    <truncated>0</truncated>
    <difficult>0</difficult>
    <bndbox>
      <xmin>572</xmin>
      <ymin>191</ymin>
      <xmax>727</xmax>
      <ymax>293</ymax>
    </bndbox>
  </object>
</annotation>
