<annotation>
  <folder>Definitiva</folder>
  <filename>armas (477)</filename>
  <path>C:\Users\Rob\Desktop\Definitiva\armas (477).jpg</path>
  <source>
    <database>Unknown</database>
  </source>
  <size>
    <width>1023</width>
    <height>683</height>
    <depth>3</depth>
  </size>
  <segmented>0</segmented>
  <object>
    <name>pistol</name>
    <pose>Unspecified</pose>
    <truncated>0</truncated>
    <difficult>0</difficult>
    <bndbox>
      <xmin>121</xmin>
      <ymin>1</ymin>
      <xmax>1021</xmax>
      <ymax>439</ymax>
    </bndbox>
  </object>
</annotation>
