<annotation>
  <folder>Definitiva</folder>
  <filename>armas (661)</filename>
  <path>C:\Users\Rob\Desktop\Definitiva\armas (661).jpg</path>
  <source>
    <database>Unknown</database>
  </source>
  <size>
    <width>560</width>
    <height>335</height>
    <depth>3</depth>
  </size>
  <segmented>0</segmented>
  <object>
    <name>pistol</name>
    <pose>Unspecified</pose>
    <truncated>0</truncated>
    <difficult>0</difficult>
    <bndbox>
      <xmin>184</xmin>
      <ymin>87</ymin>
      <xmax>242</xmax>
      <ymax>139</ymax>
    </bndbox>
  </object>
  <object>
    <name>pistol</name>
    <pose>Unspecified</pose>
    <truncated>0</truncated>
    <difficult>0</difficult>
    <bndbox>
      <xmin>307</xmin>
      <ymin>82</ymin>
      <xmax>347</xmax>
      <ymax>126</ymax>
    </bndbox>
  </object>
</annotation>
