<annotation>
  <folder>Definitiva</folder>
  <filename>armas (230)</filename>
  <path>C:\Users\Rob\Desktop\Definitiva\armas (230).jpg</path>
  <source>
    <database>Unknown</database>
  </source>
  <size>
    <width>1067</width>
    <height>854</height>
    <depth>3</depth>
  </size>
  <segmented>0</segmented>
  <object>
    <name>pistol</name>
    <pose>Unspecified</pose>
    <truncated>0</truncated>
    <difficult>0</difficult>
    <bndbox>
      <xmin>640</xmin>
      <ymin>216</ymin>
      <xmax>747</xmax>
      <ymax>291</ymax>
    </bndbox>
  </object>
</annotation>
