<annotation>
  <folder>Definitiva</folder>
  <filename>armas (436)</filename>
  <path>C:\Users\Rob\Desktop\Definitiva\armas (436).jpg</path>
  <source>
    <database>Unknown</database>
  </source>
  <size>
    <width>720</width>
    <height>1024</height>
    <depth>3</depth>
  </size>
  <segmented>0</segmented>
  <object>
    <name>pistol</name>
    <pose>Unspecified</pose>
    <truncated>0</truncated>
    <difficult>0</difficult>
    <bndbox>
      <xmin>520</xmin>
      <ymin>505</ymin>
      <xmax>682</xmax>
      <ymax>629</ymax>
    </bndbox>
  </object>
</annotation>
