<annotation>
  <folder>Definitiva</folder>
  <filename>armas (476)</filename>
  <path>C:\Users\Rob\Desktop\Definitiva\armas (476).jpg</path>
  <source>
    <database>Unknown</database>
  </source>
  <size>
    <width>846</width>
    <height>1023</height>
    <depth>3</depth>
  </size>
  <segmented>0</segmented>
  <object>
    <name>pistol</name>
    <pose>Unspecified</pose>
    <truncated>0</truncated>
    <difficult>0</difficult>
    <bndbox>
      <xmin>566</xmin>
      <ymin>184</ymin>
      <xmax>643</xmax>
      <ymax>290</ymax>
    </bndbox>
  </object>
</annotation>
