<annotation>
  <folder>Definitiva</folder>
  <filename>armas (1862)</filename>
  <path>C:\Users\Rob\Desktop\Definitiva\armas (1862).jpg</path>
  <source>
    <database>Unknown</database>
  </source>
  <size>
    <width>1300</width>
    <height>706</height>
    <depth>3</depth>
  </size>
  <segmented>0</segmented>
  <object>
    <name>pistol</name>
    <pose>Unspecified</pose>
    <truncated>0</truncated>
    <difficult>0</difficult>
    <bndbox>
      <xmin>549</xmin>
      <ymin>215</ymin>
      <xmax>830</xmax>
      <ymax>409</ymax>
    </bndbox>
  </object>
</annotation>
