<annotation>
  <folder>Definitiva</folder>
  <filename>armas (2921)</filename>
  <path>C:\Users\Rob\Desktop\Definitiva\armas (2921).jpg</path>
  <source>
    <database>Unknown</database>
  </source>
  <size>
    <width>1300</width>
    <height>866</height>
    <depth>3</depth>
  </size>
  <segmented>0</segmented>
  <object>
    <name>pistol</name>
    <pose>Unspecified</pose>
    <truncated>0</truncated>
    <difficult>0</difficult>
    <bndbox>
      <xmin>67</xmin>
      <ymin>395</ymin>
      <xmax>357</xmax>
      <ymax>650</ymax>
    </bndbox>
  </object>
</annotation>
