<annotation>
  <folder>Definitiva</folder>
  <filename>armas (709)</filename>
  <path>C:\Users\Rob\Desktop\Definitiva\armas (709).jpg</path>
  <source>
    <database>Unknown</database>
  </source>
  <size>
    <width>300</width>
    <height>182</height>
    <depth>3</depth>
  </size>
  <segmented>0</segmented>
  <object>
    <name>pistol</name>
    <pose>Unspecified</pose>
    <truncated>0</truncated>
    <difficult>0</difficult>
    <bndbox>
      <xmin>1</xmin>
      <ymin>1</ymin>
      <xmax>222</xmax>
      <ymax>163</ymax>
    </bndbox>
  </object>
</annotation>
