<annotation>
  <folder>Definitiva</folder>
  <filename>armas (729)</filename>
  <path>C:\Users\Rob\Desktop\Definitiva\armas (729).jpg</path>
  <source>
    <database>Unknown</database>
  </source>
  <size>
    <width>420</width>
    <height>253</height>
    <depth>1</depth>
  </size>
  <segmented>0</segmented>
  <object>
    <name>pistol</name>
    <pose>Unspecified</pose>
    <truncated>0</truncated>
    <difficult>0</difficult>
    <bndbox>
      <xmin>3</xmin>
      <ymin>2</ymin>
      <xmax>365</xmax>
      <ymax>150</ymax>
    </bndbox>
  </object>
</annotation>
