<annotation>
  <folder>Definitiva</folder>
  <filename>armas (1767)</filename>
  <path>C:\Users\Rob\Desktop\Definitiva\armas (1767).jpg</path>
  <source>
    <database>Unknown</database>
  </source>
  <size>
    <width>500</width>
    <height>389</height>
    <depth>3</depth>
  </size>
  <segmented>0</segmented>
  <object>
    <name>pistol</name>
    <pose>Unspecified</pose>
    <truncated>0</truncated>
    <difficult>0</difficult>
    <bndbox>
      <xmin>32</xmin>
      <ymin>10</ymin>
      <xmax>459</xmax>
      <ymax>344</ymax>
    </bndbox>
  </object>
</annotation>
