<annotation>
  <folder>Definitiva</folder>
  <filename>armas (1585)</filename>
  <path>C:\Users\Rob\Desktop\Definitiva\armas (1585).jpg</path>
  <source>
    <database>Unknown</database>
  </source>
  <size>
    <width>500</width>
    <height>333</height>
    <depth>3</depth>
  </size>
  <segmented>0</segmented>
  <object>
    <name>pistol</name>
    <pose>Unspecified</pose>
    <truncated>0</truncated>
    <difficult>0</difficult>
    <bndbox>
      <xmin>60</xmin>
      <ymin>166</ymin>
      <xmax>100</xmax>
      <ymax>227</ymax>
    </bndbox>
  </object>
  <object>
    <name>pistol</name>
    <pose>Unspecified</pose>
    <truncated>0</truncated>
    <difficult>0</difficult>
    <bndbox>
      <xmin>166</xmin>
      <ymin>164</ymin>
      <xmax>192</xmax>
      <ymax>231</ymax>
    </bndbox>
  </object>
</annotation>
