<annotation>
  <folder>Definitiva</folder>
  <filename>armas (601)</filename>
  <path>C:\Users\Rob\Desktop\Definitiva\armas (601).jpg</path>
  <source>
    <database>Unknown</database>
  </source>
  <size>
    <width>500</width>
    <height>275</height>
    <depth>3</depth>
  </size>
  <segmented>0</segmented>
  <object>
    <name>pistol</name>
    <pose>Unspecified</pose>
    <truncated>0</truncated>
    <difficult>0</difficult>
    <bndbox>
      <xmin>171</xmin>
      <ymin>80</ymin>
      <xmax>226</xmax>
      <ymax>142</ymax>
    </bndbox>
  </object>
  <object>
    <name>pistol</name>
    <pose>Unspecified</pose>
    <truncated>0</truncated>
    <difficult>0</difficult>
    <bndbox>
      <xmin>264</xmin>
      <ymin>105</ymin>
      <xmax>339</xmax>
      <ymax>152</ymax>
    </bndbox>
  </object>
</annotation>
