<annotation>
  <folder>Definitiva</folder>
  <filename>armas (2872)</filename>
  <path>C:\Users\Rob\Desktop\Definitiva\armas (2872).jpg</path>
  <source>
    <database>Unknown</database>
  </source>
  <size>
    <width>400</width>
    <height>245</height>
    <depth>3</depth>
  </size>
  <segmented>0</segmented>
  <object>
    <name>pistol</name>
    <pose>Unspecified</pose>
    <truncated>0</truncated>
    <difficult>0</difficult>
    <bndbox>
      <xmin>11</xmin>
      <ymin>15</ymin>
      <xmax>372</xmax>
      <ymax>217</ymax>
    </bndbox>
  </object>
</annotation>
