<annotation>
  <folder>Definitiva</folder>
  <filename>armas (1726)</filename>
  <path>C:\Users\Rob\Desktop\Definitiva\armas (1726).jpg</path>
  <source>
    <database>Unknown</database>
  </source>
  <size>
    <width>500</width>
    <height>333</height>
    <depth>1</depth>
  </size>
  <segmented>0</segmented>
  <object>
    <name>pistol</name>
    <pose>Unspecified</pose>
    <truncated>0</truncated>
    <difficult>0</difficult>
    <bndbox>
      <xmin>76</xmin>
      <ymin>22</ymin>
      <xmax>419</xmax>
      <ymax>303</ymax>
    </bndbox>
  </object>
  <object>
    <name>pistol</name>
    <pose>Unspecified</pose>
    <truncated>0</truncated>
    <difficult>0</difficult>
    <bndbox>
      <xmin>54</xmin>
      <ymin>202</ymin>
      <xmax>425</xmax>
      <ymax>290</ymax>
    </bndbox>
  </object>
</annotation>
