<annotation>
  <folder>Definitiva</folder>
  <filename>armas (2868)</filename>
  <path>C:\Users\Rob\Desktop\Definitiva\armas (2868).jpg</path>
  <source>
    <database>Unknown</database>
  </source>
  <size>
    <width>400</width>
    <height>400</height>
    <depth>3</depth>
  </size>
  <segmented>0</segmented>
  <object>
    <name>pistol</name>
    <pose>Unspecified</pose>
    <truncated>0</truncated>
    <difficult>0</difficult>
    <bndbox>
      <xmin>288</xmin>
      <ymin>121</ymin>
      <xmax>396</xmax>
      <ymax>223</ymax>
    </bndbox>
  </object>
</annotation>
