<annotation>
  <folder>Definitiva</folder>
  <filename>armas (708)</filename>
  <path>C:\Users\Rob\Desktop\Definitiva\armas (708).jpg</path>
  <source>
    <database>Unknown</database>
  </source>
  <size>
    <width>700</width>
    <height>500</height>
    <depth>3</depth>
  </size>
  <segmented>0</segmented>
  <object>
    <name>pistol</name>
    <pose>Unspecified</pose>
    <truncated>0</truncated>
    <difficult>0</difficult>
    <bndbox>
      <xmin>466</xmin>
      <ymin>167</ymin>
      <xmax>639</xmax>
      <ymax>300</ymax>
    </bndbox>
  </object>
</annotation>
