<annotation>
  <folder>Definitiva</folder>
  <filename>armas (292)</filename>
  <path>C:\Users\Rob\Desktop\Definitiva\armas (292).jpg</path>
  <source>
    <database>Unknown</database>
  </source>
  <size>
    <width>450</width>
    <height>470</height>
    <depth>3</depth>
  </size>
  <segmented>0</segmented>
  <object>
    <name>pistol</name>
    <pose>Unspecified</pose>
    <truncated>0</truncated>
    <difficult>0</difficult>
    <bndbox>
      <xmin>84</xmin>
      <ymin>5</ymin>
      <xmax>421</xmax>
      <ymax>247</ymax>
    </bndbox>
  </object>
</annotation>
