<annotation>
  <folder>Definitiva</folder>
  <filename>armas (2014)</filename>
  <path>C:\Users\Rob\Desktop\Definitiva\armas (2014).jpg</path>
  <source>
    <database>Unknown</database>
  </source>
  <size>
    <width>2032</width>
    <height>1048</height>
    <depth>3</depth>
  </size>
  <segmented>0</segmented>
  <object>
    <name>pistol</name>
    <pose>Unspecified</pose>
    <truncated>0</truncated>
    <difficult>0</difficult>
    <bndbox>
      <xmin>1439</xmin>
      <ymin>234</ymin>
      <xmax>1953</xmax>
      <ymax>656</ymax>
    </bndbox>
  </object>
</annotation>
