<annotation>
  <folder>Definitiva</folder>
  <filename>armas (134)</filename>
  <path>C:\Users\Rob\Desktop\Definitiva\armas (134).jpg</path>
  <source>
    <database>Unknown</database>
  </source>
  <size>
    <width>1103</width>
    <height>1620</height>
    <depth>3</depth>
  </size>
  <segmented>0</segmented>
  <object>
    <name>pistol</name>
    <pose>Unspecified</pose>
    <truncated>0</truncated>
    <difficult>0</difficult>
    <bndbox>
      <xmin>37</xmin>
      <ymin>200</ymin>
      <xmax>199</xmax>
      <ymax>363</ymax>
    </bndbox>
  </object>
</annotation>
