<annotation>
  <folder>Definitiva</folder>
  <filename>armas (1696)</filename>
  <path>C:\Users\Rob\Desktop\Definitiva\armas (1696).jpg</path>
  <source>
    <database>Unknown</database>
  </source>
  <size>
    <width>500</width>
    <height>375</height>
    <depth>3</depth>
  </size>
  <segmented>0</segmented>
  <object>
    <name>pistol</name>
    <pose>Unspecified</pose>
    <truncated>0</truncated>
    <difficult>0</difficult>
    <bndbox>
      <xmin>20</xmin>
      <ymin>89</ymin>
      <xmax>284</xmax>
      <ymax>260</ymax>
    </bndbox>
  </object>
</annotation>
