<annotation>
  <folder>Definitiva</folder>
  <filename>armas (2126)</filename>
  <path>C:\Users\Rob\Desktop\Definitiva\armas (2126).jpg</path>
  <source>
    <database>Unknown</database>
  </source>
  <size>
    <width>634</width>
    <height>633</height>
    <depth>3</depth>
  </size>
  <segmented>0</segmented>
  <object>
    <name>pistol</name>
    <pose>Unspecified</pose>
    <truncated>0</truncated>
    <difficult>0</difficult>
    <bndbox>
      <xmin>292</xmin>
      <ymin>285</ymin>
      <xmax>553</xmax>
      <ymax>492</ymax>
    </bndbox>
  </object>
</annotation>
