<annotation>
  <folder>Definitiva</folder>
  <filename>armas (2034)</filename>
  <path>C:\Users\Rob\Desktop\Definitiva\armas (2034).jpg</path>
  <source>
    <database>Unknown</database>
  </source>
  <size>
    <width>425</width>
    <height>323</height>
    <depth>3</depth>
  </size>
  <segmented>0</segmented>
  <object>
    <name>pistol</name>
    <pose>Unspecified</pose>
    <truncated>0</truncated>
    <difficult>0</difficult>
    <bndbox>
      <xmin>25</xmin>
      <ymin>121</ymin>
      <xmax>88</xmax>
      <ymax>153</ymax>
    </bndbox>
  </object>
  <object>
    <name>pistol</name>
    <pose>Unspecified</pose>
    <truncated>0</truncated>
    <difficult>0</difficult>
    <bndbox>
      <xmin>47</xmin>
      <ymin>91</ymin>
      <xmax>98</xmax>
      <ymax>120</ymax>
    </bndbox>
  </object>
  <object>
    <name>pistol</name>
    <pose>Unspecified</pose>
    <truncated>0</truncated>
    <difficult>0</difficult>
    <bndbox>
      <xmin>72</xmin>
      <ymin>77</ymin>
      <xmax>116</xmax>
      <ymax>114</ymax>
    </bndbox>
  </object>
</annotation>
