<annotation>
  <folder>Definitiva</folder>
  <filename>armas (1875)</filename>
  <path>C:\Users\Rob\Desktop\Definitiva\armas (1875).jpg</path>
  <source>
    <database>Unknown</database>
  </source>
  <size>
    <width>800</width>
    <height>532</height>
    <depth>3</depth>
  </size>
  <segmented>0</segmented>
  <object>
    <name>pistol</name>
    <pose>Unspecified</pose>
    <truncated>0</truncated>
    <difficult>0</difficult>
    <bndbox>
      <xmin>345</xmin>
      <ymin>210</ymin>
      <xmax>603</xmax>
      <ymax>394</ymax>
    </bndbox>
  </object>
</annotation>
