<annotation>
  <folder>Definitiva</folder>
  <filename>armas (1415)</filename>
  <path>C:\Users\Rob\Desktop\Definitiva\armas (1415).jpg</path>
  <source>
    <database>Unknown</database>
  </source>
  <size>
    <width>500</width>
    <height>375</height>
    <depth>3</depth>
  </size>
  <segmented>0</segmented>
  <object>
    <name>pistol</name>
    <pose>Unspecified</pose>
    <truncated>0</truncated>
    <difficult>0</difficult>
    <bndbox>
      <xmin>22</xmin>
      <ymin>67</ymin>
      <xmax>438</xmax>
      <ymax>276</ymax>
    </bndbox>
  </object>
</annotation>
