<annotation>
  <folder>Definitiva</folder>
  <filename>armas (1478)</filename>
  <path>C:\Users\Rob\Desktop\Definitiva\armas (1478).jpg</path>
  <source>
    <database>Unknown</database>
  </source>
  <size>
    <width>500</width>
    <height>333</height>
    <depth>3</depth>
  </size>
  <segmented>0</segmented>
  <object>
    <name>pistol</name>
    <pose>Unspecified</pose>
    <truncated>0</truncated>
    <difficult>0</difficult>
    <bndbox>
      <xmin>120</xmin>
      <ymin>93</ymin>
      <xmax>444</xmax>
      <ymax>300</ymax>
    </bndbox>
  </object>
  <object>
    <name>pistol</name>
    <pose>Unspecified</pose>
    <truncated>0</truncated>
    <difficult>0</difficult>
    <bndbox>
      <xmin>1</xmin>
      <ymin>2</ymin>
      <xmax>167</xmax>
      <ymax>136</ymax>
    </bndbox>
  </object>
</annotation>
