<annotation>
  <folder>Definitiva</folder>
  <filename>armas (2864)</filename>
  <path>C:\Users\Rob\Desktop\Definitiva\armas (2864).jpg</path>
  <source>
    <database>Unknown</database>
  </source>
  <size>
    <width>999</width>
    <height>729</height>
    <depth>3</depth>
  </size>
  <segmented>0</segmented>
  <object>
    <name>pistol</name>
    <pose>Unspecified</pose>
    <truncated>0</truncated>
    <difficult>0</difficult>
    <bndbox>
      <xmin>289</xmin>
      <ymin>212</ymin>
      <xmax>462</xmax>
      <ymax>339</ymax>
    </bndbox>
  </object>
</annotation>
