<annotation>
  <folder>Definitiva</folder>
  <filename>armas (1176)</filename>
  <path>C:\Users\Rob\Desktop\Definitiva\armas (1176).jpg</path>
  <source>
    <database>Unknown</database>
  </source>
  <size>
    <width>1280</width>
    <height>960</height>
    <depth>3</depth>
  </size>
  <segmented>0</segmented>
  <object>
    <name>pistol</name>
    <pose>Unspecified</pose>
    <truncated>0</truncated>
    <difficult>0</difficult>
    <bndbox>
      <xmin>352</xmin>
      <ymin>155</ymin>
      <xmax>1221</xmax>
      <ymax>818</ymax>
    </bndbox>
  </object>
</annotation>
