<annotation>
  <folder>Definitiva</folder>
  <filename>armas (338)</filename>
  <path>C:\Users\Rob\Desktop\Definitiva\armas (338).jpg</path>
  <source>
    <database>Unknown</database>
  </source>
  <size>
    <width>299</width>
    <height>470</height>
    <depth>3</depth>
  </size>
  <segmented>0</segmented>
  <object>
    <name>pistol</name>
    <pose>Unspecified</pose>
    <truncated>0</truncated>
    <difficult>0</difficult>
    <bndbox>
      <xmin>68</xmin>
      <ymin>233</ymin>
      <xmax>93</xmax>
      <ymax>282</ymax>
    </bndbox>
  </object>
</annotation>
