<annotation>
  <folder>Definitiva</folder>
  <filename>armas (1121)</filename>
  <path>C:\Users\Rob\Desktop\Definitiva\armas (1121).jpg</path>
  <source>
    <database>Unknown</database>
  </source>
  <size>
    <width>1200</width>
    <height>801</height>
    <depth>1</depth>
  </size>
  <segmented>0</segmented>
  <object>
    <name>pistol</name>
    <pose>Unspecified</pose>
    <truncated>0</truncated>
    <difficult>0</difficult>
    <bndbox>
      <xmin>869</xmin>
      <ymin>168</ymin>
      <xmax>1099</xmax>
      <ymax>396</ymax>
    </bndbox>
  </object>
</annotation>
