<annotation>
  <folder>Definitiva</folder>
  <filename>armas (2063)</filename>
  <path>C:\Users\Rob\Desktop\Definitiva\armas (2063).jpg</path>
  <source>
    <database>Unknown</database>
  </source>
  <size>
    <width>640</width>
    <height>360</height>
    <depth>3</depth>
  </size>
  <segmented>0</segmented>
  <object>
    <name>pistol</name>
    <pose>Unspecified</pose>
    <truncated>0</truncated>
    <difficult>0</difficult>
    <bndbox>
      <xmin>140</xmin>
      <ymin>143</ymin>
      <xmax>202</xmax>
      <ymax>197</ymax>
    </bndbox>
  </object>
  <object>
    <name>pistol</name>
    <pose>Unspecified</pose>
    <truncated>0</truncated>
    <difficult>0</difficult>
    <bndbox>
      <xmin>322</xmin>
      <ymin>150</ymin>
      <xmax>362</xmax>
      <ymax>189</ymax>
    </bndbox>
  </object>
</annotation>
