<annotation>
  <folder>Definitiva</folder>
  <filename>armas (416)</filename>
  <path>C:\Users\Rob\Desktop\Definitiva\armas (416).jpg</path>
  <source>
    <database>Unknown</database>
  </source>
  <size>
    <width>801</width>
    <height>1024</height>
    <depth>1</depth>
  </size>
  <segmented>0</segmented>
  <object>
    <name>pistol</name>
    <pose>Unspecified</pose>
    <truncated>0</truncated>
    <difficult>0</difficult>
    <bndbox>
      <xmin>271</xmin>
      <ymin>404</ymin>
      <xmax>426</xmax>
      <ymax>465</ymax>
    </bndbox>
  </object>
</annotation>
