<annotation>
  <folder>Definitiva</folder>
  <filename>armas (752)</filename>
  <path>C:\Users\Rob\Desktop\Definitiva\armas (752).jpg</path>
  <source>
    <database>Unknown</database>
  </source>
  <size>
    <width>661</width>
    <height>496</height>
    <depth>3</depth>
  </size>
  <segmented>0</segmented>
  <object>
    <name>pistol</name>
    <pose>Unspecified</pose>
    <truncated>0</truncated>
    <difficult>0</difficult>
    <bndbox>
      <xmin>333</xmin>
      <ymin>345</ymin>
      <xmax>411</xmax>
      <ymax>406</ymax>
    </bndbox>
  </object>
</annotation>
