<annotation>
  <folder>Definitiva</folder>
  <filename>armas (1032)</filename>
  <path>C:\Users\Rob\Desktop\Definitiva\armas (1032).jpg</path>
  <source>
    <database>Unknown</database>
  </source>
  <size>
    <width>168</width>
    <height>300</height>
    <depth>3</depth>
  </size>
  <segmented>0</segmented>
  <object>
    <name>pistol</name>
    <pose>Unspecified</pose>
    <truncated>0</truncated>
    <difficult>0</difficult>
    <bndbox>
      <xmin>108</xmin>
      <ymin>115</ymin>
      <xmax>168</xmax>
      <ymax>160</ymax>
    </bndbox>
  </object>
</annotation>
