<annotation>
  <folder>Definitiva</folder>
  <filename>armas (1985)</filename>
  <path>C:\Users\Rob\Desktop\Definitiva\armas (1985).jpg</path>
  <source>
    <database>Unknown</database>
  </source>
  <size>
    <width>1067</width>
    <height>600</height>
    <depth>3</depth>
  </size>
  <segmented>0</segmented>
  <object>
    <name>pistol</name>
    <pose>Unspecified</pose>
    <truncated>0</truncated>
    <difficult>0</difficult>
    <bndbox>
      <xmin>577</xmin>
      <ymin>174</ymin>
      <xmax>611</xmax>
      <ymax>192</ymax>
    </bndbox>
  </object>
</annotation>
