<annotation>
  <folder>Definitiva</folder>
  <filename>armas (400)</filename>
  <path>C:\Users\Rob\Desktop\Definitiva\armas (400).jpg</path>
  <source>
    <database>Unknown</database>
  </source>
  <size>
    <width>682</width>
    <height>1023</height>
    <depth>3</depth>
  </size>
  <segmented>0</segmented>
  <object>
    <name>pistol</name>
    <pose>Unspecified</pose>
    <truncated>0</truncated>
    <difficult>0</difficult>
    <bndbox>
      <xmin>319</xmin>
      <ymin>333</ymin>
      <xmax>621</xmax>
      <ymax>817</ymax>
    </bndbox>
  </object>
</annotation>
