<annotation>
  <folder>Definitiva</folder>
  <filename>armas (247)</filename>
  <path>C:\Users\Rob\Desktop\Definitiva\armas (247).jpg</path>
  <source>
    <database>Unknown</database>
  </source>
  <size>
    <width>500</width>
    <height>334</height>
    <depth>3</depth>
  </size>
  <segmented>0</segmented>
  <object>
    <name>pistol</name>
    <pose>Unspecified</pose>
    <truncated>0</truncated>
    <difficult>0</difficult>
    <bndbox>
      <xmin>159</xmin>
      <ymin>220</ymin>
      <xmax>275</xmax>
      <ymax>287</ymax>
    </bndbox>
  </object>
</annotation>
