<annotation>
  <folder>Definitiva</folder>
  <filename>armas (1474)</filename>
  <path>C:\Users\Rob\Desktop\Definitiva\armas (1474).jpg</path>
  <source>
    <database>Unknown</database>
  </source>
  <size>
    <width>375</width>
    <height>500</height>
    <depth>1</depth>
  </size>
  <segmented>0</segmented>
  <object>
    <name>pistol</name>
    <pose>Unspecified</pose>
    <truncated>0</truncated>
    <difficult>0</difficult>
    <bndbox>
      <xmin>91</xmin>
      <ymin>266</ymin>
      <xmax>129</xmax>
      <ymax>357</ymax>
    </bndbox>
  </object>
</annotation>
