<annotation>
  <folder>Definitiva</folder>
  <filename>armas (2832)</filename>
  <path>C:\Users\Rob\Desktop\Definitiva\armas (2832).jpg</path>
  <source>
    <database>Unknown</database>
  </source>
  <size>
    <width>504</width>
    <height>311</height>
    <depth>3</depth>
  </size>
  <segmented>0</segmented>
  <object>
    <name>pistol</name>
    <pose>Unspecified</pose>
    <truncated>0</truncated>
    <difficult>0</difficult>
    <bndbox>
      <xmin>7</xmin>
      <ymin>1</ymin>
      <xmax>502</xmax>
      <ymax>179</ymax>
    </bndbox>
  </object>
</annotation>
