<annotation>
  <folder>Definitiva</folder>
  <filename>armas (2096)</filename>
  <path>C:\Users\Rob\Desktop\Definitiva\armas (2096).jpg</path>
  <source>
    <database>Unknown</database>
  </source>
  <size>
    <width>2000</width>
    <height>1333</height>
    <depth>3</depth>
  </size>
  <segmented>0</segmented>
  <object>
    <name>pistol</name>
    <pose>Unspecified</pose>
    <truncated>0</truncated>
    <difficult>0</difficult>
    <bndbox>
      <xmin>998</xmin>
      <ymin>254</ymin>
      <xmax>1901</xmax>
      <ymax>870</ymax>
    </bndbox>
  </object>
</annotation>
