<annotation>
  <folder>Definitiva</folder>
  <filename>armas (2887)</filename>
  <path>C:\Users\Rob\Desktop\Definitiva\armas (2887).jpg</path>
  <source>
    <database>Unknown</database>
  </source>
  <size>
    <width>866</width>
    <height>1300</height>
    <depth>3</depth>
  </size>
  <segmented>0</segmented>
  <object>
    <name>pistol</name>
    <pose>Unspecified</pose>
    <truncated>0</truncated>
    <difficult>0</difficult>
    <bndbox>
      <xmin>428</xmin>
      <ymin>355</ymin>
      <xmax>511</xmax>
      <ymax>511</ymax>
    </bndbox>
  </object>
</annotation>
