<annotation>
  <folder>Definitiva</folder>
  <filename>armas (1989)</filename>
  <path>C:\Users\Rob\Desktop\Definitiva\armas (1989).jpg</path>
  <source>
    <database>Unknown</database>
  </source>
  <size>
    <width>620</width>
    <height>412</height>
    <depth>3</depth>
  </size>
  <segmented>0</segmented>
  <object>
    <name>pistol</name>
    <pose>Unspecified</pose>
    <truncated>0</truncated>
    <difficult>0</difficult>
    <bndbox>
      <xmin>302</xmin>
      <ymin>95</ymin>
      <xmax>607</xmax>
      <ymax>316</ymax>
    </bndbox>
  </object>
</annotation>
