<annotation>
  <folder>Definitiva</folder>
  <filename>armas (1252)</filename>
  <path>C:\Users\Rob\Desktop\Definitiva\armas (1252).jpg</path>
  <source>
    <database>Unknown</database>
  </source>
  <size>
    <width>500</width>
    <height>375</height>
    <depth>3</depth>
  </size>
  <segmented>0</segmented>
  <object>
    <name>pistol</name>
    <pose>Unspecified</pose>
    <truncated>0</truncated>
    <difficult>0</difficult>
    <bndbox>
      <xmin>20</xmin>
      <ymin>16</ymin>
      <xmax>488</xmax>
      <ymax>359</ymax>
    </bndbox>
  </object>
  <object>
    <name>pistol</name>
    <pose>Unspecified</pose>
    <truncated>0</truncated>
    <difficult>0</difficult>
    <bndbox>
      <xmin>232</xmin>
      <ymin>179</ymin>
      <xmax>334</xmax>
      <ymax>261</ymax>
    </bndbox>
  </object>
</annotation>
