<annotation>
  <folder>Definitiva</folder>
  <filename>armas (908)</filename>
  <path>C:\Users\Rob\Desktop\Definitiva\armas (908).jpg</path>
  <source>
    <database>Unknown</database>
  </source>
  <size>
    <width>211</width>
    <height>239</height>
    <depth>3</depth>
  </size>
  <segmented>0</segmented>
  <object>
    <name>pistol</name>
    <pose>Unspecified</pose>
    <truncated>0</truncated>
    <difficult>0</difficult>
    <bndbox>
      <xmin>56</xmin>
      <ymin>88</ymin>
      <xmax>77</xmax>
      <ymax>134</ymax>
    </bndbox>
  </object>
</annotation>
