<annotation>
  <folder>Definitiva</folder>
  <filename>armas (713)</filename>
  <path>C:\Users\Rob\Desktop\Definitiva\armas (713).jpg</path>
  <source>
    <database>Unknown</database>
  </source>
  <size>
    <width>640</width>
    <height>375</height>
    <depth>3</depth>
  </size>
  <segmented>0</segmented>
  <object>
    <name>pistol</name>
    <pose>Unspecified</pose>
    <truncated>0</truncated>
    <difficult>0</difficult>
    <bndbox>
      <xmin>222</xmin>
      <ymin>22</ymin>
      <xmax>614</xmax>
      <ymax>323</ymax>
    </bndbox>
  </object>
</annotation>
