<annotation>
  <folder>Definitiva</folder>
  <filename>armas (2798)</filename>
  <path>C:\Users\Rob\Desktop\Definitiva\armas (2798).jpg</path>
  <source>
    <database>Unknown</database>
  </source>
  <size>
    <width>700</width>
    <height>572</height>
    <depth>3</depth>
  </size>
  <segmented>0</segmented>
  <object>
    <name>pistol</name>
    <pose>Unspecified</pose>
    <truncated>0</truncated>
    <difficult>0</difficult>
    <bndbox>
      <xmin>469</xmin>
      <ymin>124</ymin>
      <xmax>625</xmax>
      <ymax>366</ymax>
    </bndbox>
  </object>
</annotation>
