<annotation>
  <folder>Definitiva</folder>
  <filename>armas (1463)</filename>
  <path>C:\Users\Rob\Desktop\Definitiva\armas (1463).jpg</path>
  <source>
    <database>Unknown</database>
  </source>
  <size>
    <width>500</width>
    <height>375</height>
    <depth>3</depth>
  </size>
  <segmented>0</segmented>
  <object>
    <name>pistol</name>
    <pose>Unspecified</pose>
    <truncated>0</truncated>
    <difficult>0</difficult>
    <bndbox>
      <xmin>197</xmin>
      <ymin>189</ymin>
      <xmax>385</xmax>
      <ymax>315</ymax>
    </bndbox>
  </object>
  <object>
    <name>pistol</name>
    <pose>Unspecified</pose>
    <truncated>0</truncated>
    <difficult>0</difficult>
    <bndbox>
      <xmin>281</xmin>
      <ymin>86</ymin>
      <xmax>336</xmax>
      <ymax>160</ymax>
    </bndbox>
  </object>
</annotation>
