<annotation>
  <folder>Definitiva</folder>
  <filename>armas (1679)</filename>
  <path>C:\Users\Rob\Desktop\Definitiva\armas (1679).jpg</path>
  <source>
    <database>Unknown</database>
  </source>
  <size>
    <width>491</width>
    <height>500</height>
    <depth>1</depth>
  </size>
  <segmented>0</segmented>
  <object>
    <name>pistol</name>
    <pose>Unspecified</pose>
    <truncated>0</truncated>
    <difficult>0</difficult>
    <bndbox>
      <xmin>150</xmin>
      <ymin>1</ymin>
      <xmax>489</xmax>
      <ymax>449</ymax>
    </bndbox>
  </object>
</annotation>
