<annotation>
  <folder>Definitiva</folder>
  <filename>armas (1784)</filename>
  <path>C:\Users\Rob\Desktop\Definitiva\armas (1784).jpg</path>
  <source>
    <database>Unknown</database>
  </source>
  <size>
    <width>1920</width>
    <height>1080</height>
    <depth>3</depth>
  </size>
  <segmented>0</segmented>
  <object>
    <name>pistol</name>
    <pose>Unspecified</pose>
    <truncated>0</truncated>
    <difficult>0</difficult>
    <bndbox>
      <xmin>1008</xmin>
      <ymin>64</ymin>
      <xmax>1102</xmax>
      <ymax>243</ymax>
    </bndbox>
  </object>
  <object>
    <name>pistol</name>
    <pose>Unspecified</pose>
    <truncated>0</truncated>
    <difficult>0</difficult>
    <bndbox>
      <xmin>1355</xmin>
      <ymin>726</ymin>
      <xmax>1472</xmax>
      <ymax>953</ymax>
    </bndbox>
  </object>
</annotation>
