<annotation>
  <folder>Definitiva</folder>
  <filename>armas (749)</filename>
  <path>C:\Users\Rob\Desktop\Definitiva\armas (749).jpg</path>
  <source>
    <database>Unknown</database>
  </source>
  <size>
    <width>1600</width>
    <height>668</height>
    <depth>3</depth>
  </size>
  <segmented>0</segmented>
  <object>
    <name>pistol</name>
    <pose>Unspecified</pose>
    <truncated>0</truncated>
    <difficult>0</difficult>
    <bndbox>
      <xmin>339</xmin>
      <ymin>350</ymin>
      <xmax>1075</xmax>
      <ymax>667</ymax>
    </bndbox>
  </object>
  <object>
    <name>pistol</name>
    <pose>Unspecified</pose>
    <truncated>0</truncated>
    <difficult>0</difficult>
    <bndbox>
      <xmin>484</xmin>
      <ymin>1</ymin>
      <xmax>1292</xmax>
      <ymax>464</ymax>
    </bndbox>
  </object>
</annotation>
