<annotation>
  <folder>Definitiva</folder>
  <filename>armas (1321)</filename>
  <path>C:\Users\Rob\Desktop\Definitiva\armas (1321).jpg</path>
  <source>
    <database>Unknown</database>
  </source>
  <size>
    <width>1000</width>
    <height>944</height>
    <depth>3</depth>
  </size>
  <segmented>0</segmented>
  <object>
    <name>pistol</name>
    <pose>Unspecified</pose>
    <truncated>0</truncated>
    <difficult>0</difficult>
    <bndbox>
      <xmin>88</xmin>
      <ymin>55</ymin>
      <xmax>946</xmax>
      <ymax>891</ymax>
    </bndbox>
  </object>
</annotation>
