<annotation>
  <folder>Definitiva</folder>
  <filename>armas (2976)</filename>
  <path>C:\Users\Rob\Desktop\Definitiva\armas (2976).jpg</path>
  <source>
    <database>Unknown</database>
  </source>
  <size>
    <width>725</width>
    <height>725</height>
    <depth>3</depth>
  </size>
  <segmented>0</segmented>
  <object>
    <name>pistol</name>
    <pose>Unspecified</pose>
    <truncated>0</truncated>
    <difficult>0</difficult>
    <bndbox>
      <xmin>36</xmin>
      <ymin>152</ymin>
      <xmax>661</xmax>
      <ymax>566</ymax>
    </bndbox>
  </object>
</annotation>
