<annotation>
  <folder>Definitiva</folder>
  <filename>armas (2110)</filename>
  <path>C:\Users\Rob\Desktop\Definitiva\armas (2110).jpg</path>
  <source>
    <database>Unknown</database>
  </source>
  <size>
    <width>320</width>
    <height>240</height>
    <depth>3</depth>
  </size>
  <segmented>0</segmented>
  <object>
    <name>pistol</name>
    <pose>Unspecified</pose>
    <truncated>0</truncated>
    <difficult>0</difficult>
    <bndbox>
      <xmin>13</xmin>
      <ymin>22</ymin>
      <xmax>313</xmax>
      <ymax>218</ymax>
    </bndbox>
  </object>
</annotation>
