<annotation>
  <folder>Definitiva</folder>
  <filename>armas (319)</filename>
  <path>C:\Users\Rob\Desktop\Definitiva\armas (319).jpg</path>
  <source>
    <database>Unknown</database>
  </source>
  <size>
    <width>251</width>
    <height>194</height>
    <depth>3</depth>
  </size>
  <segmented>0</segmented>
  <object>
    <name>pistol</name>
    <pose>Unspecified</pose>
    <truncated>0</truncated>
    <difficult>0</difficult>
    <bndbox>
      <xmin>99</xmin>
      <ymin>54</ymin>
      <xmax>132</xmax>
      <ymax>129</ymax>
    </bndbox>
  </object>
</annotation>
