<annotation>
  <folder>Definitiva</folder>
  <filename>armas (699)</filename>
  <path>C:\Users\Rob\Desktop\Definitiva\armas (699).jpg</path>
  <source>
    <database>Unknown</database>
  </source>
  <size>
    <width>1000</width>
    <height>771</height>
    <depth>3</depth>
  </size>
  <segmented>0</segmented>
  <object>
    <name>pistol</name>
    <pose>Unspecified</pose>
    <truncated>0</truncated>
    <difficult>0</difficult>
    <bndbox>
      <xmin>71</xmin>
      <ymin>206</ymin>
      <xmax>259</xmax>
      <ymax>339</ymax>
    </bndbox>
  </object>
</annotation>
