<annotation>
  <folder>Definitiva</folder>
  <filename>armas (1439)</filename>
  <path>C:\Users\Rob\Desktop\Definitiva\armas (1439).jpg</path>
  <source>
    <database>Unknown</database>
  </source>
  <size>
    <width>500</width>
    <height>285</height>
    <depth>3</depth>
  </size>
  <segmented>0</segmented>
  <object>
    <name>pistol</name>
    <pose>Unspecified</pose>
    <truncated>0</truncated>
    <difficult>0</difficult>
    <bndbox>
      <xmin>156</xmin>
      <ymin>17</ymin>
      <xmax>238</xmax>
      <ymax>67</ymax>
    </bndbox>
  </object>
  <object>
    <name>pistol</name>
    <pose>Unspecified</pose>
    <truncated>0</truncated>
    <difficult>0</difficult>
    <bndbox>
      <xmin>301</xmin>
      <ymin>12</ymin>
      <xmax>367</xmax>
      <ymax>62</ymax>
    </bndbox>
  </object>
</annotation>
