<annotation>
  <folder>Definitiva</folder>
  <filename>armas (1727)</filename>
  <path>C:\Users\Rob\Desktop\Definitiva\armas (1727).jpg</path>
  <source>
    <database>Unknown</database>
  </source>
  <size>
    <width>500</width>
    <height>172</height>
    <depth>3</depth>
  </size>
  <segmented>0</segmented>
  <object>
    <name>pistol</name>
    <pose>Unspecified</pose>
    <truncated>0</truncated>
    <difficult>0</difficult>
    <bndbox>
      <xmin>5</xmin>
      <ymin>6</ymin>
      <xmax>239</xmax>
      <ymax>167</ymax>
    </bndbox>
  </object>
  <object>
    <name>pistol</name>
    <pose>Unspecified</pose>
    <truncated>0</truncated>
    <difficult>0</difficult>
    <bndbox>
      <xmin>262</xmin>
      <ymin>7</ymin>
      <xmax>493</xmax>
      <ymax>164</ymax>
    </bndbox>
  </object>
</annotation>
