<annotation>
  <folder>Definitiva</folder>
  <filename>armas (1967)</filename>
  <path>C:\Users\Rob\Desktop\Definitiva\armas (1967).jpg</path>
  <source>
    <database>Unknown</database>
  </source>
  <size>
    <width>1280</width>
    <height>720</height>
    <depth>3</depth>
  </size>
  <segmented>0</segmented>
  <object>
    <name>pistol</name>
    <pose>Unspecified</pose>
    <truncated>0</truncated>
    <difficult>0</difficult>
    <bndbox>
      <xmin>436</xmin>
      <ymin>300</ymin>
      <xmax>536</xmax>
      <ymax>426</ymax>
    </bndbox>
  </object>
</annotation>
