<annotation>
  <folder>Definitiva</folder>
  <filename>armas (2019)</filename>
  <path>C:\Users\Rob\Desktop\Definitiva\armas (2019).jpg</path>
  <source>
    <database>Unknown</database>
  </source>
  <size>
    <width>299</width>
    <height>470</height>
    <depth>3</depth>
  </size>
  <segmented>0</segmented>
  <object>
    <name>pistol</name>
    <pose>Unspecified</pose>
    <truncated>0</truncated>
    <difficult>0</difficult>
    <bndbox>
      <xmin>119</xmin>
      <ymin>330</ymin>
      <xmax>175</xmax>
      <ymax>396</ymax>
    </bndbox>
  </object>
</annotation>
