<annotation>
  <folder>Definitiva</folder>
  <filename>armas (2940)</filename>
  <path>C:\Users\Rob\Desktop\Definitiva\armas (2940).jpg</path>
  <source>
    <database>Unknown</database>
  </source>
  <size>
    <width>450</width>
    <height>300</height>
    <depth>3</depth>
  </size>
  <segmented>0</segmented>
  <object>
    <name>pistol</name>
    <pose>Unspecified</pose>
    <truncated>0</truncated>
    <difficult>0</difficult>
    <bndbox>
      <xmin>86</xmin>
      <ymin>121</ymin>
      <xmax>220</xmax>
      <ymax>218</ymax>
    </bndbox>
  </object>
</annotation>
