<annotation>
  <folder>Definitiva</folder>
  <filename>armas (1858)</filename>
  <path>C:\Users\Rob\Desktop\Definitiva\armas (1858).jpg</path>
  <source>
    <database>Unknown</database>
  </source>
  <size>
    <width>906</width>
    <height>706</height>
    <depth>3</depth>
  </size>
  <segmented>0</segmented>
  <object>
    <name>pistol</name>
    <pose>Unspecified</pose>
    <truncated>0</truncated>
    <difficult>0</difficult>
    <bndbox>
      <xmin>332</xmin>
      <ymin>188</ymin>
      <xmax>401</xmax>
      <ymax>289</ymax>
    </bndbox>
  </object>
</annotation>
