<annotation>
  <folder>Definitiva</folder>
  <filename>armas (660)</filename>
  <path>C:\Users\Rob\Desktop\Definitiva\armas (660).jpg</path>
  <source>
    <database>Unknown</database>
  </source>
  <size>
    <width>620</width>
    <height>260</height>
    <depth>3</depth>
  </size>
  <segmented>0</segmented>
  <object>
    <name>pistol</name>
    <pose>Unspecified</pose>
    <truncated>0</truncated>
    <difficult>0</difficult>
    <bndbox>
      <xmin>142</xmin>
      <ymin>80</ymin>
      <xmax>325</xmax>
      <ymax>201</ymax>
    </bndbox>
  </object>
</annotation>
