<annotation>
  <folder>Definitiva</folder>
  <filename>armas (572)</filename>
  <path>C:\Users\Rob\Desktop\Definitiva\armas (572).JPG</path>
  <source>
    <database>Unknown</database>
  </source>
  <size>
    <width>899</width>
    <height>628</height>
    <depth>3</depth>
  </size>
  <segmented>0</segmented>
  <object>
    <name>pistol</name>
    <pose>Unspecified</pose>
    <truncated>0</truncated>
    <difficult>0</difficult>
    <bndbox>
      <xmin>61</xmin>
      <ymin>41</ymin>
      <xmax>719</xmax>
      <ymax>425</ymax>
    </bndbox>
  </object>
</annotation>
