<annotation>
  <folder>Definitiva</folder>
  <filename>armas (374)</filename>
  <path>C:\Users\Rob\Desktop\Definitiva\armas (374).jpg</path>
  <source>
    <database>Unknown</database>
  </source>
  <size>
    <width>2762</width>
    <height>1921</height>
    <depth>3</depth>
  </size>
  <segmented>0</segmented>
  <object>
    <name>pistol</name>
    <pose>Unspecified</pose>
    <truncated>0</truncated>
    <difficult>0</difficult>
    <bndbox>
      <xmin>864</xmin>
      <ymin>266</ymin>
      <xmax>1764</xmax>
      <ymax>1154</ymax>
    </bndbox>
  </object>
</annotation>
