<annotation>
  <folder>Definitiva</folder>
  <filename>armas (2848)</filename>
  <path>C:\Users\Rob\Desktop\Definitiva\armas (2848).jpg</path>
  <source>
    <database>Unknown</database>
  </source>
  <size>
    <width>590</width>
    <height>420</height>
    <depth>3</depth>
  </size>
  <segmented>0</segmented>
  <object>
    <name>pistol</name>
    <pose>Unspecified</pose>
    <truncated>0</truncated>
    <difficult>0</difficult>
    <bndbox>
      <xmin>16</xmin>
      <ymin>161</ymin>
      <xmax>268</xmax>
      <ymax>311</ymax>
    </bndbox>
  </object>
  <object>
    <name>pistol</name>
    <pose>Unspecified</pose>
    <truncated>0</truncated>
    <difficult>0</difficult>
    <bndbox>
      <xmin>421</xmin>
      <ymin>138</ymin>
      <xmax>589</xmax>
      <ymax>396</ymax>
    </bndbox>
  </object>
  <object>
    <name>pistol</name>
    <pose>Unspecified</pose>
    <truncated>0</truncated>
    <difficult>0</difficult>
    <bndbox>
      <xmin>30</xmin>
      <ymin>51</ymin>
      <xmax>328</xmax>
      <ymax>126</ymax>
    </bndbox>
  </object>
  <object>
    <name>pistol</name>
    <pose>Unspecified</pose>
    <truncated>0</truncated>
    <difficult>0</difficult>
    <bndbox>
      <xmin>1</xmin>
      <ymin>20</ymin>
      <xmax>267</xmax>
      <ymax>79</ymax>
    </bndbox>
  </object>
</annotation>
