<annotation>
  <folder>Definitiva</folder>
  <filename>armas (1064)</filename>
  <path>C:\Users\Rob\Desktop\Definitiva\armas (1064).jpg</path>
  <source>
    <database>Unknown</database>
  </source>
  <size>
    <width>356</width>
    <height>540</height>
    <depth>3</depth>
  </size>
  <segmented>0</segmented>
  <object>
    <name>pistol</name>
    <pose>Unspecified</pose>
    <truncated>0</truncated>
    <difficult>0</difficult>
    <bndbox>
      <xmin>67</xmin>
      <ymin>15</ymin>
      <xmax>91</xmax>
      <ymax>187</ymax>
    </bndbox>
  </object>
</annotation>
