<annotation>
  <folder>Definitiva</folder>
  <filename>armas (1680)</filename>
  <path>C:\Users\Rob\Desktop\Definitiva\armas (1680).jpg</path>
  <source>
    <database>Unknown</database>
  </source>
  <size>
    <width>450</width>
    <height>325</height>
    <depth>3</depth>
  </size>
  <segmented>0</segmented>
  <object>
    <name>pistol</name>
    <pose>Unspecified</pose>
    <truncated>0</truncated>
    <difficult>0</difficult>
    <bndbox>
      <xmin>40</xmin>
      <ymin>95</ymin>
      <xmax>448</xmax>
      <ymax>318</ymax>
    </bndbox>
  </object>
  <object>
    <name>pistol</name>
    <pose>Unspecified</pose>
    <truncated>0</truncated>
    <difficult>0</difficult>
    <bndbox>
      <xmin>9</xmin>
      <ymin>2</ymin>
      <xmax>428</xmax>
      <ymax>200</ymax>
    </bndbox>
  </object>
</annotation>
