<annotation>
  <folder>Definitiva</folder>
  <filename>armas (973)</filename>
  <path>C:\Users\Rob\Desktop\Definitiva\armas (973).jpg</path>
  <source>
    <database>Unknown</database>
  </source>
  <size>
    <width>275</width>
    <height>183</height>
    <depth>3</depth>
  </size>
  <segmented>0</segmented>
  <object>
    <name>pistol</name>
    <pose>Unspecified</pose>
    <truncated>0</truncated>
    <difficult>0</difficult>
    <bndbox>
      <xmin>122</xmin>
      <ymin>54</ymin>
      <xmax>242</xmax>
      <ymax>175</ymax>
    </bndbox>
  </object>
</annotation>
