<annotation>
  <folder>Definitiva</folder>
  <filename>armas (2813)</filename>
  <path>C:\Users\Rob\Desktop\Definitiva\armas (2813).jpg</path>
  <source>
    <database>Unknown</database>
  </source>
  <size>
    <width>728</width>
    <height>546</height>
    <depth>3</depth>
  </size>
  <segmented>0</segmented>
  <object>
    <name>pistol</name>
    <pose>Unspecified</pose>
    <truncated>0</truncated>
    <difficult>0</difficult>
    <bndbox>
      <xmin>237</xmin>
      <ymin>327</ymin>
      <xmax>407</xmax>
      <ymax>504</ymax>
    </bndbox>
  </object>
</annotation>
