<annotation>
  <folder>Definitiva</folder>
  <filename>armas (441)</filename>
  <path>C:\Users\Rob\Desktop\Definitiva\armas (441).jpg</path>
  <source>
    <database>Unknown</database>
  </source>
  <size>
    <width>1023</width>
    <height>682</height>
    <depth>3</depth>
  </size>
  <segmented>0</segmented>
  <object>
    <name>pistol</name>
    <pose>Unspecified</pose>
    <truncated>0</truncated>
    <difficult>0</difficult>
    <bndbox>
      <xmin>428</xmin>
      <ymin>77</ymin>
      <xmax>844</xmax>
      <ymax>373</ymax>
    </bndbox>
  </object>
</annotation>
