<annotation>
  <folder>Definitiva</folder>
  <filename>armas (772)</filename>
  <path>C:\Users\Rob\Desktop\Definitiva\armas (772).jpg</path>
  <source>
    <database>Unknown</database>
  </source>
  <size>
    <width>300</width>
    <height>160</height>
    <depth>1</depth>
  </size>
  <segmented>0</segmented>
  <object>
    <name>pistol</name>
    <pose>Unspecified</pose>
    <truncated>0</truncated>
    <difficult>0</difficult>
    <bndbox>
      <xmin>8</xmin>
      <ymin>15</ymin>
      <xmax>292</xmax>
      <ymax>126</ymax>
    </bndbox>
  </object>
</annotation>
