<annotation>
  <folder>Definitiva</folder>
  <filename>armas (1009)</filename>
  <path>C:\Users\Rob\Desktop\Definitiva\armas (1009).jpg</path>
  <source>
    <database>Unknown</database>
  </source>
  <size>
    <width>290</width>
    <height>174</height>
    <depth>3</depth>
  </size>
  <segmented>0</segmented>
  <object>
    <name>pistol</name>
    <pose>Unspecified</pose>
    <truncated>0</truncated>
    <difficult>0</difficult>
    <bndbox>
      <xmin>215</xmin>
      <ymin>36</ymin>
      <xmax>248</xmax>
      <ymax>71</ymax>
    </bndbox>
  </object>
</annotation>
