<annotation>
  <folder>Definitiva</folder>
  <filename>armas (533)</filename>
  <path>C:\Users\Rob\Desktop\Definitiva\armas (533).jpg</path>
  <source>
    <database>Unknown</database>
  </source>
  <size>
    <width>259</width>
    <height>194</height>
    <depth>3</depth>
  </size>
  <segmented>0</segmented>
  <object>
    <name>pistol</name>
    <pose>Unspecified</pose>
    <truncated>0</truncated>
    <difficult>0</difficult>
    <bndbox>
      <xmin>8</xmin>
      <ymin>8</ymin>
      <xmax>88</xmax>
      <ymax>60</ymax>
    </bndbox>
  </object>
  <object>
    <name>pistol</name>
    <pose>Unspecified</pose>
    <truncated>0</truncated>
    <difficult>0</difficult>
    <bndbox>
      <xmin>140</xmin>
      <ymin>26</ymin>
      <xmax>212</xmax>
      <ymax>77</ymax>
    </bndbox>
  </object>
  <object>
    <name>pistol</name>
    <pose>Unspecified</pose>
    <truncated>0</truncated>
    <difficult>0</difficult>
    <bndbox>
      <xmin>29</xmin>
      <ymin>127</ymin>
      <xmax>102</xmax>
      <ymax>176</ymax>
    </bndbox>
  </object>
  <object>
    <name>pistol</name>
    <pose>Unspecified</pose>
    <truncated>0</truncated>
    <difficult>0</difficult>
    <bndbox>
      <xmin>150</xmin>
      <ymin>129</ymin>
      <xmax>232</xmax>
      <ymax>175</ymax>
    </bndbox>
  </object>
</annotation>
