<annotation>
  <folder>Definitiva</folder>
  <filename>armas (1930)</filename>
  <path>C:\Users\Rob\Desktop\Definitiva\armas (1930).jpg</path>
  <source>
    <database>Unknown</database>
  </source>
  <size>
    <width>1500</width>
    <height>1289</height>
    <depth>3</depth>
  </size>
  <segmented>0</segmented>
  <object>
    <name>pistol</name>
    <pose>Unspecified</pose>
    <truncated>0</truncated>
    <difficult>0</difficult>
    <bndbox>
      <xmin>470</xmin>
      <ymin>201</ymin>
      <xmax>1205</xmax>
      <ymax>1081</ymax>
    </bndbox>
  </object>
</annotation>
