<annotation>
  <folder>Definitiva</folder>
  <filename>armas (695)</filename>
  <path>C:\Users\Rob\Desktop\Definitiva\armas (695).jpg</path>
  <source>
    <database>Unknown</database>
  </source>
  <size>
    <width>620</width>
    <height>400</height>
    <depth>3</depth>
  </size>
  <segmented>0</segmented>
  <object>
    <name>pistol</name>
    <pose>Unspecified</pose>
    <truncated>0</truncated>
    <difficult>0</difficult>
    <bndbox>
      <xmin>225</xmin>
      <ymin>21</ymin>
      <xmax>582</xmax>
      <ymax>210</ymax>
    </bndbox>
  </object>
</annotation>
