<annotation>
  <folder>Definitiva</folder>
  <filename>armas (2058)</filename>
  <path>C:\Users\Rob\Desktop\Definitiva\armas (2058).jpg</path>
  <source>
    <database>Unknown</database>
  </source>
  <size>
    <width>300</width>
    <height>377</height>
    <depth>1</depth>
  </size>
  <segmented>0</segmented>
  <object>
    <name>pistol</name>
    <pose>Unspecified</pose>
    <truncated>0</truncated>
    <difficult>0</difficult>
    <bndbox>
      <xmin>70</xmin>
      <ymin>146</ymin>
      <xmax>196</xmax>
      <ymax>369</ymax>
    </bndbox>
  </object>
</annotation>
