<annotation>
  <folder>Definitiva</folder>
  <filename>armas (1086)</filename>
  <path>C:\Users\Rob\Desktop\Definitiva\armas (1086).jpg</path>
  <source>
    <database>Unknown</database>
  </source>
  <size>
    <width>271</width>
    <height>194</height>
    <depth>3</depth>
  </size>
  <segmented>0</segmented>
  <object>
    <name>pistol</name>
    <pose>Unspecified</pose>
    <truncated>0</truncated>
    <difficult>0</difficult>
    <bndbox>
      <xmin>224</xmin>
      <ymin>61</ymin>
      <xmax>257</xmax>
      <ymax>81</ymax>
    </bndbox>
  </object>
  <object>
    <name>pistol</name>
    <pose>Unspecified</pose>
    <truncated>0</truncated>
    <difficult>0</difficult>
    <bndbox>
      <xmin>6</xmin>
      <ymin>106</ymin>
      <xmax>44</xmax>
      <ymax>132</ymax>
    </bndbox>
  </object>
</annotation>
