<annotation>
  <folder>Definitiva</folder>
  <filename>armas (2901)</filename>
  <path>C:\Users\Rob\Desktop\Definitiva\armas (2901).jpg</path>
  <source>
    <database>Unknown</database>
  </source>
  <size>
    <width>863</width>
    <height>1300</height>
    <depth>3</depth>
  </size>
  <segmented>0</segmented>
  <object>
    <name>pistol</name>
    <pose>Unspecified</pose>
    <truncated>0</truncated>
    <difficult>0</difficult>
    <bndbox>
      <xmin>6</xmin>
      <ymin>315</ymin>
      <xmax>186</xmax>
      <ymax>655</ymax>
    </bndbox>
  </object>
</annotation>
