<annotation>
  <folder>Definitiva</folder>
  <filename>armas (1225)</filename>
  <path>C:\Users\Rob\Desktop\Definitiva\armas (1225).jpg</path>
  <source>
    <database>Unknown</database>
  </source>
  <size>
    <width>500</width>
    <height>375</height>
    <depth>3</depth>
  </size>
  <segmented>0</segmented>
  <object>
    <name>pistol</name>
    <pose>Unspecified</pose>
    <truncated>0</truncated>
    <difficult>0</difficult>
    <bndbox>
      <xmin>167</xmin>
      <ymin>232</ymin>
      <xmax>266</xmax>
      <ymax>289</ymax>
    </bndbox>
  </object>
  <object>
    <name>pistol</name>
    <pose>Unspecified</pose>
    <truncated>0</truncated>
    <difficult>0</difficult>
    <bndbox>
      <xmin>245</xmin>
      <ymin>269</ymin>
      <xmax>366</xmax>
      <ymax>324</ymax>
    </bndbox>
  </object>
</annotation>
