<annotation>
  <folder>Definitiva</folder>
  <filename>armas (637)</filename>
  <path>C:\Users\Rob\Desktop\Definitiva\armas (637).jpg</path>
  <source>
    <database>Unknown</database>
  </source>
  <size>
    <width>267</width>
    <height>400</height>
    <depth>3</depth>
  </size>
  <segmented>0</segmented>
  <object>
    <name>pistol</name>
    <pose>Unspecified</pose>
    <truncated>0</truncated>
    <difficult>0</difficult>
    <bndbox>
      <xmin>81</xmin>
      <ymin>53</ymin>
      <xmax>152</xmax>
      <ymax>203</ymax>
    </bndbox>
  </object>
</annotation>
