<annotation>
  <folder>Definitiva</folder>
  <filename>armas (2018)</filename>
  <path>C:\Users\Rob\Desktop\Definitiva\armas (2018).jpg</path>
  <source>
    <database>Unknown</database>
  </source>
  <size>
    <width>350</width>
    <height>350</height>
    <depth>1</depth>
  </size>
  <segmented>0</segmented>
  <object>
    <name>pistol</name>
    <pose>Unspecified</pose>
    <truncated>0</truncated>
    <difficult>0</difficult>
    <bndbox>
      <xmin>185</xmin>
      <ymin>80</ymin>
      <xmax>346</xmax>
      <ymax>317</ymax>
    </bndbox>
  </object>
</annotation>
