<annotation>
  <folder>Definitiva</folder>
  <filename>armas (2829)</filename>
  <path>C:\Users\Rob\Desktop\Definitiva\armas (2829).jpg</path>
  <source>
    <database>Unknown</database>
  </source>
  <size>
    <width>1055</width>
    <height>1390</height>
    <depth>3</depth>
  </size>
  <segmented>0</segmented>
  <object>
    <name>pistol</name>
    <pose>Unspecified</pose>
    <truncated>0</truncated>
    <difficult>0</difficult>
    <bndbox>
      <xmin>515</xmin>
      <ymin>243</ymin>
      <xmax>560</xmax>
      <ymax>320</ymax>
    </bndbox>
  </object>
</annotation>
