<annotation>
  <folder>Definitiva</folder>
  <filename>armas (1993)</filename>
  <path>C:\Users\Rob\Desktop\Definitiva\armas (1993).jpg</path>
  <source>
    <database>Unknown</database>
  </source>
  <size>
    <width>625</width>
    <height>424</height>
    <depth>3</depth>
  </size>
  <segmented>0</segmented>
  <object>
    <name>pistol</name>
    <pose>Unspecified</pose>
    <truncated>0</truncated>
    <difficult>0</difficult>
    <bndbox>
      <xmin>250</xmin>
      <ymin>176</ymin>
      <xmax>325</xmax>
      <ymax>302</ymax>
    </bndbox>
  </object>
</annotation>
