<annotation>
  <folder>Definitiva</folder>
  <filename>armas (725)</filename>
  <path>C:\Users\Rob\Desktop\Definitiva\armas (725).jpg</path>
  <source>
    <database>Unknown</database>
  </source>
  <size>
    <width>420</width>
    <height>241</height>
    <depth>3</depth>
  </size>
  <segmented>0</segmented>
  <object>
    <name>pistol</name>
    <pose>Unspecified</pose>
    <truncated>0</truncated>
    <difficult>0</difficult>
    <bndbox>
      <xmin>29</xmin>
      <ymin>9</ymin>
      <xmax>372</xmax>
      <ymax>126</ymax>
    </bndbox>
  </object>
</annotation>
