<annotation>
  <folder>Definitiva</folder>
  <filename>armas (2079)</filename>
  <path>C:\Users\Rob\Desktop\Definitiva\armas (2079).jpg</path>
  <source>
    <database>Unknown</database>
  </source>
  <size>
    <width>3000</width>
    <height>2290</height>
    <depth>3</depth>
  </size>
  <segmented>0</segmented>
  <object>
    <name>pistol</name>
    <pose>Unspecified</pose>
    <truncated>0</truncated>
    <difficult>0</difficult>
    <bndbox>
      <xmin>1030</xmin>
      <ymin>270</ymin>
      <xmax>2612</xmax>
      <ymax>1148</ymax>
    </bndbox>
  </object>
</annotation>
