<annotation>
  <folder>Definitiva</folder>
  <filename>armas (2833)</filename>
  <path>C:\Users\Rob\Desktop\Definitiva\armas (2833).jpg</path>
  <source>
    <database>Unknown</database>
  </source>
  <size>
    <width>958</width>
    <height>1114</height>
    <depth>3</depth>
  </size>
  <segmented>0</segmented>
  <object>
    <name>pistol</name>
    <pose>Unspecified</pose>
    <truncated>0</truncated>
    <difficult>0</difficult>
    <bndbox>
      <xmin>258</xmin>
      <ymin>253</ymin>
      <xmax>669</xmax>
      <ymax>887</ymax>
    </bndbox>
  </object>
</annotation>
