<annotation>
  <folder>Definitiva</folder>
  <filename>armas (334)</filename>
  <path>C:\Users\Rob\Desktop\Definitiva\armas (334).jpg</path>
  <source>
    <database>Unknown</database>
  </source>
  <size>
    <width>450</width>
    <height>320</height>
    <depth>1</depth>
  </size>
  <segmented>0</segmented>
  <object>
    <name>pistol</name>
    <pose>Unspecified</pose>
    <truncated>0</truncated>
    <difficult>0</difficult>
    <bndbox>
      <xmin>27</xmin>
      <ymin>10</ymin>
      <xmax>439</xmax>
      <ymax>294</ymax>
    </bndbox>
  </object>
</annotation>
