<annotation>
  <folder>Definitiva</folder>
  <filename>armas (2074)</filename>
  <path>C:\Users\Rob\Desktop\Definitiva\armas (2074).jpg</path>
  <source>
    <database>Unknown</database>
  </source>
  <size>
    <width>690</width>
    <height>388</height>
    <depth>3</depth>
  </size>
  <segmented>0</segmented>
  <object>
    <name>pistol</name>
    <pose>Unspecified</pose>
    <truncated>0</truncated>
    <difficult>0</difficult>
    <bndbox>
      <xmin>90</xmin>
      <ymin>68</ymin>
      <xmax>583</xmax>
      <ymax>304</ymax>
    </bndbox>
  </object>
</annotation>
