<annotation>
  <folder>Definitiva</folder>
  <filename>armas (2983)</filename>
  <path>C:\Users\Rob\Desktop\Definitiva\armas (2983).jpg</path>
  <source>
    <database>Unknown</database>
  </source>
  <size>
    <width>461</width>
    <height>357</height>
    <depth>3</depth>
  </size>
  <segmented>0</segmented>
  <object>
    <name>pistol</name>
    <pose>Unspecified</pose>
    <truncated>0</truncated>
    <difficult>0</difficult>
    <bndbox>
      <xmin>17</xmin>
      <ymin>33</ymin>
      <xmax>445</xmax>
      <ymax>339</ymax>
    </bndbox>
  </object>
</annotation>
