<annotation>
  <folder>Definitiva</folder>
  <filename>armas (460)</filename>
  <path>C:\Users\Rob\Desktop\Definitiva\armas (460).jpg</path>
  <source>
    <database>Unknown</database>
  </source>
  <size>
    <width>680</width>
    <height>1023</height>
    <depth>1</depth>
  </size>
  <segmented>0</segmented>
  <object>
    <name>pistol</name>
    <pose>Unspecified</pose>
    <truncated>0</truncated>
    <difficult>0</difficult>
    <bndbox>
      <xmin>148</xmin>
      <ymin>692</ymin>
      <xmax>361</xmax>
      <ymax>915</ymax>
    </bndbox>
  </object>
</annotation>
