<annotation>
  <folder>Definitiva</folder>
  <filename>armas (1988)</filename>
  <path>C:\Users\Rob\Desktop\Definitiva\armas (1988).jpg</path>
  <source>
    <database>Unknown</database>
  </source>
  <size>
    <width>900</width>
    <height>675</height>
    <depth>3</depth>
  </size>
  <segmented>0</segmented>
  <object>
    <name>pistol</name>
    <pose>Unspecified</pose>
    <truncated>0</truncated>
    <difficult>0</difficult>
    <bndbox>
      <xmin>3</xmin>
      <ymin>126</ymin>
      <xmax>900</xmax>
      <ymax>673</ymax>
    </bndbox>
  </object>
</annotation>
