<annotation>
  <folder>Definitiva</folder>
  <filename>armas (2080)</filename>
  <path>C:\Users\Rob\Desktop\Definitiva\armas (2080).jpg</path>
  <source>
    <database>Unknown</database>
  </source>
  <size>
    <width>1123</width>
    <height>761</height>
    <depth>3</depth>
  </size>
  <segmented>0</segmented>
  <object>
    <name>pistol</name>
    <pose>Unspecified</pose>
    <truncated>0</truncated>
    <difficult>0</difficult>
    <bndbox>
      <xmin>542</xmin>
      <ymin>328</ymin>
      <xmax>830</xmax>
      <ymax>531</ymax>
    </bndbox>
  </object>
  <object>
    <name>pistol</name>
    <pose>Unspecified</pose>
    <truncated>0</truncated>
    <difficult>0</difficult>
    <bndbox>
      <xmin>324</xmin>
      <ymin>297</ymin>
      <xmax>456</xmax>
      <ymax>629</ymax>
    </bndbox>
  </object>
</annotation>
