<annotation>
  <folder>Definitiva</folder>
  <filename>armas (640)</filename>
  <path>C:\Users\Rob\Desktop\Definitiva\armas (640).jpg</path>
  <source>
    <database>Unknown</database>
  </source>
  <size>
    <width>758</width>
    <height>425</height>
    <depth>3</depth>
  </size>
  <segmented>0</segmented>
  <object>
    <name>pistol</name>
    <pose>Unspecified</pose>
    <truncated>0</truncated>
    <difficult>0</difficult>
    <bndbox>
      <xmin>60</xmin>
      <ymin>21</ymin>
      <xmax>624</xmax>
      <ymax>403</ymax>
    </bndbox>
  </object>
</annotation>
