<annotation>
  <folder>Definitiva</folder>
  <filename>armas (2151)</filename>
  <path>C:\Users\Rob\Desktop\Definitiva\armas (2151).JPG</path>
  <source>
    <database>Unknown</database>
  </source>
  <size>
    <width>480</width>
    <height>360</height>
    <depth>3</depth>
  </size>
  <segmented>0</segmented>
  <object>
    <name>pistol</name>
    <pose>Unspecified</pose>
    <truncated>0</truncated>
    <difficult>0</difficult>
    <bndbox>
      <xmin>139</xmin>
      <ymin>105</ymin>
      <xmax>195</xmax>
      <ymax>134</ymax>
    </bndbox>
  </object>
</annotation>
