<annotation>
  <folder>Definitiva</folder>
  <filename>armas (2023)</filename>
  <path>C:\Users\Rob\Desktop\Definitiva\armas (2023).jpg</path>
  <source>
    <database>Unknown</database>
  </source>
  <size>
    <width>1129</width>
    <height>1390</height>
    <depth>3</depth>
  </size>
  <segmented>0</segmented>
  <object>
    <name>pistol</name>
    <pose>Unspecified</pose>
    <truncated>0</truncated>
    <difficult>0</difficult>
    <bndbox>
      <xmin>471</xmin>
      <ymin>646</ymin>
      <xmax>599</xmax>
      <ymax>716</ymax>
    </bndbox>
  </object>
</annotation>
