<annotation>
  <folder>Definitiva</folder>
  <filename>armas (2995)</filename>
  <path>C:\Users\Rob\Desktop\Definitiva\armas (2995).jpg</path>
  <source>
    <database>Unknown</database>
  </source>
  <size>
    <width>452</width>
    <height>508</height>
    <depth>3</depth>
  </size>
  <segmented>0</segmented>
  <object>
    <name>pistol</name>
    <pose>Unspecified</pose>
    <truncated>0</truncated>
    <difficult>0</difficult>
    <bndbox>
      <xmin>100</xmin>
      <ymin>37</ymin>
      <xmax>211</xmax>
      <ymax>151</ymax>
    </bndbox>
  </object>
</annotation>
