<annotation>
  <folder>Definitiva</folder>
  <filename>armas (163)</filename>
  <path>C:\Users\Rob\Desktop\Definitiva\armas (163).jpg</path>
  <source>
    <database>Unknown</database>
  </source>
  <size>
    <width>864</width>
    <height>1300</height>
    <depth>3</depth>
  </size>
  <segmented>0</segmented>
  <object>
    <name>pistol</name>
    <pose>Unspecified</pose>
    <truncated>0</truncated>
    <difficult>0</difficult>
    <bndbox>
      <xmin>73</xmin>
      <ymin>342</ymin>
      <xmax>271</xmax>
      <ymax>632</ymax>
    </bndbox>
  </object>
</annotation>
