<annotation>
  <folder>Definitiva</folder>
  <filename>armas (380)</filename>
  <path>C:\Users\Rob\Desktop\Definitiva\armas (380).jpg</path>
  <source>
    <database>Unknown</database>
  </source>
  <size>
    <width>299</width>
    <height>450</height>
    <depth>3</depth>
  </size>
  <segmented>0</segmented>
  <object>
    <name>pistol</name>
    <pose>Unspecified</pose>
    <truncated>0</truncated>
    <difficult>0</difficult>
    <bndbox>
      <xmin>80</xmin>
      <ymin>73</ymin>
      <xmax>133</xmax>
      <ymax>186</ymax>
    </bndbox>
  </object>
</annotation>
