<annotation>
  <folder>Definitiva</folder>
  <filename>armas (1073)</filename>
  <path>C:\Users\Rob\Desktop\Definitiva\armas (1073).jpg</path>
  <source>
    <database>Unknown</database>
  </source>
  <size>
    <width>661</width>
    <height>496</height>
    <depth>3</depth>
  </size>
  <segmented>0</segmented>
  <object>
    <name>pistol</name>
    <pose>Unspecified</pose>
    <truncated>0</truncated>
    <difficult>0</difficult>
    <bndbox>
      <xmin>386</xmin>
      <ymin>52</ymin>
      <xmax>594</xmax>
      <ymax>248</ymax>
    </bndbox>
  </object>
</annotation>
