<annotation>
  <folder>Definitiva</folder>
  <filename>armas (1881)</filename>
  <path>C:\Users\Rob\Desktop\Definitiva\armas (1881).jpg</path>
  <source>
    <database>Unknown</database>
  </source>
  <size>
    <width>1250</width>
    <height>938</height>
    <depth>3</depth>
  </size>
  <segmented>0</segmented>
  <object>
    <name>pistol</name>
    <pose>Unspecified</pose>
    <truncated>0</truncated>
    <difficult>0</difficult>
    <bndbox>
      <xmin>285</xmin>
      <ymin>34</ymin>
      <xmax>1097</xmax>
      <ymax>701</ymax>
    </bndbox>
  </object>
</annotation>
