<annotation>
  <folder>Definitiva</folder>
  <filename>armas (791)</filename>
  <path>C:\Users\Rob\Desktop\Definitiva\armas (791).jpg</path>
  <source>
    <database>Unknown</database>
  </source>
  <size>
    <width>300</width>
    <height>192</height>
    <depth>1</depth>
  </size>
  <segmented>0</segmented>
  <object>
    <name>pistol</name>
    <pose>Unspecified</pose>
    <truncated>0</truncated>
    <difficult>0</difficult>
    <bndbox>
      <xmin>5</xmin>
      <ymin>45</ymin>
      <xmax>290</xmax>
      <ymax>182</ymax>
    </bndbox>
  </object>
</annotation>
