<annotation>
  <folder>Definitiva</folder>
  <filename>armas (990)</filename>
  <path>C:\Users\Rob\Desktop\Definitiva\armas (990).jpg</path>
  <source>
    <database>Unknown</database>
  </source>
  <size>
    <width>240</width>
    <height>181</height>
    <depth>1</depth>
  </size>
  <segmented>0</segmented>
  <object>
    <name>pistol</name>
    <pose>Unspecified</pose>
    <truncated>0</truncated>
    <difficult>0</difficult>
    <bndbox>
      <xmin>3</xmin>
      <ymin>21</ymin>
      <xmax>23</xmax>
      <ymax>39</ymax>
    </bndbox>
  </object>
  <object>
    <name>pistol</name>
    <pose>Unspecified</pose>
    <truncated>0</truncated>
    <difficult>0</difficult>
    <bndbox>
      <xmin>158</xmin>
      <ymin>17</ymin>
      <xmax>175</xmax>
      <ymax>32</ymax>
    </bndbox>
  </object>
</annotation>
