<annotation>
  <folder>Definitiva</folder>
  <filename>armas (63)</filename>
  <path>C:\Users\Rob\Desktop\Definitiva\armas (63).jpg</path>
  <source>
    <database>Unknown</database>
  </source>
  <size>
    <width>1300</width>
    <height>940</height>
    <depth>3</depth>
  </size>
  <segmented>0</segmented>
  <object>
    <name>pistol</name>
    <pose>Unspecified</pose>
    <truncated>0</truncated>
    <difficult>0</difficult>
    <bndbox>
      <xmin>700</xmin>
      <ymin>294</ymin>
      <xmax>919</xmax>
      <ymax>623</ymax>
    </bndbox>
  </object>
</annotation>
