<annotation>
  <folder>Definitiva</folder>
  <filename>armas (904)</filename>
  <path>C:\Users\Rob\Desktop\Definitiva\armas (904).jpg</path>
  <source>
    <database>Unknown</database>
  </source>
  <size>
    <width>240</width>
    <height>180</height>
    <depth>3</depth>
  </size>
  <segmented>0</segmented>
  <object>
    <name>pistol</name>
    <pose>Unspecified</pose>
    <truncated>0</truncated>
    <difficult>0</difficult>
    <bndbox>
      <xmin>106</xmin>
      <ymin>40</ymin>
      <xmax>131</xmax>
      <ymax>57</ymax>
    </bndbox>
  </object>
</annotation>
