<annotation>
  <folder>Definitiva</folder>
  <filename>armas (1842)</filename>
  <path>C:\Users\Rob\Desktop\Definitiva\armas (1842).jpg</path>
  <source>
    <database>Unknown</database>
  </source>
  <size>
    <width>380</width>
    <height>380</height>
    <depth>3</depth>
  </size>
  <segmented>0</segmented>
  <object>
    <name>pistol</name>
    <pose>Unspecified</pose>
    <truncated>0</truncated>
    <difficult>0</difficult>
    <bndbox>
      <xmin>116</xmin>
      <ymin>8</ymin>
      <xmax>260</xmax>
      <ymax>352</ymax>
    </bndbox>
  </object>
</annotation>
