<annotation>
  <folder>Definitiva</folder>
  <filename>armas (1835)</filename>
  <path>C:\Users\Rob\Desktop\Definitiva\armas (1835).jpg</path>
  <source>
    <database>Unknown</database>
  </source>
  <size>
    <width>660</width>
    <height>401</height>
    <depth>3</depth>
  </size>
  <segmented>0</segmented>
  <object>
    <name>pistol</name>
    <pose>Unspecified</pose>
    <truncated>0</truncated>
    <difficult>0</difficult>
    <bndbox>
      <xmin>191</xmin>
      <ymin>140</ymin>
      <xmax>344</xmax>
      <ymax>258</ymax>
    </bndbox>
  </object>
</annotation>
