<annotation>
  <folder>Definitiva</folder>
  <filename>armas (1854)</filename>
  <path>C:\Users\Rob\Desktop\Definitiva\armas (1854).jpg</path>
  <source>
    <database>Unknown</database>
  </source>
  <size>
    <width>600</width>
    <height>420</height>
    <depth>3</depth>
  </size>
  <segmented>0</segmented>
  <object>
    <name>pistol</name>
    <pose>Unspecified</pose>
    <truncated>0</truncated>
    <difficult>0</difficult>
    <bndbox>
      <xmin>166</xmin>
      <ymin>148</ymin>
      <xmax>242</xmax>
      <ymax>260</ymax>
    </bndbox>
  </object>
</annotation>
