<annotation>
  <folder>Definitiva</folder>
  <filename>armas (1839)</filename>
  <path>C:\Users\Rob\Desktop\Definitiva\armas (1839).jpg</path>
  <source>
    <database>Unknown</database>
  </source>
  <size>
    <width>400</width>
    <height>500</height>
    <depth>3</depth>
  </size>
  <segmented>0</segmented>
  <object>
    <name>pistol</name>
    <pose>Unspecified</pose>
    <truncated>0</truncated>
    <difficult>0</difficult>
    <bndbox>
      <xmin>152</xmin>
      <ymin>40</ymin>
      <xmax>384</xmax>
      <ymax>420</ymax>
    </bndbox>
  </object>
</annotation>
