<annotation>
  <folder>Definitiva</folder>
  <filename>armas (1320)</filename>
  <path>C:\Users\Rob\Desktop\Definitiva\armas (1320).jpg</path>
  <source>
    <database>Unknown</database>
  </source>
  <size>
    <width>980</width>
    <height>1000</height>
    <depth>3</depth>
  </size>
  <segmented>0</segmented>
  <object>
    <name>pistol</name>
    <pose>Unspecified</pose>
    <truncated>0</truncated>
    <difficult>0</difficult>
    <bndbox>
      <xmin>21</xmin>
      <ymin>38</ymin>
      <xmax>921</xmax>
      <ymax>950</ymax>
    </bndbox>
  </object>
</annotation>
