<annotation>
  <folder>Definitiva</folder>
  <filename>armas (482)</filename>
  <path>C:\Users\Rob\Desktop\Definitiva\armas (482).jpg</path>
  <source>
    <database>Unknown</database>
  </source>
  <size>
    <width>1024</width>
    <height>737</height>
    <depth>3</depth>
  </size>
  <segmented>0</segmented>
  <object>
    <name>pistol</name>
    <pose>Unspecified</pose>
    <truncated>0</truncated>
    <difficult>0</difficult>
    <bndbox>
      <xmin>325</xmin>
      <ymin>105</ymin>
      <xmax>775</xmax>
      <ymax>639</ymax>
    </bndbox>
  </object>
</annotation>
