<annotation>
  <folder>Definitiva</folder>
  <filename>armas (1803)</filename>
  <path>C:\Users\Rob\Desktop\Definitiva\armas (1803).jpg</path>
  <source>
    <database>Unknown</database>
  </source>
  <size>
    <width>1300</width>
    <height>956</height>
    <depth>3</depth>
  </size>
  <segmented>0</segmented>
  <object>
    <name>pistol</name>
    <pose>Unspecified</pose>
    <truncated>0</truncated>
    <difficult>0</difficult>
    <bndbox>
      <xmin>401</xmin>
      <ymin>169</ymin>
      <xmax>495</xmax>
      <ymax>278</ymax>
    </bndbox>
  </object>
</annotation>
