<annotation>
  <folder>Definitiva</folder>
  <filename>armas (1970)</filename>
  <path>C:\Users\Rob\Desktop\Definitiva\armas (1970).jpg</path>
  <source>
    <database>Unknown</database>
  </source>
  <size>
    <width>615</width>
    <height>409</height>
    <depth>3</depth>
  </size>
  <segmented>0</segmented>
  <object>
    <name>pistol</name>
    <pose>Unspecified</pose>
    <truncated>0</truncated>
    <difficult>0</difficult>
    <bndbox>
      <xmin>184</xmin>
      <ymin>224</ymin>
      <xmax>202</xmax>
      <ymax>272</ymax>
    </bndbox>
  </object>
</annotation>
