<annotation>
  <folder>Definitiva</folder>
  <filename>armas (2043)</filename>
  <path>C:\Users\Rob\Desktop\Definitiva\armas (2043).jpg</path>
  <source>
    <database>Unknown</database>
  </source>
  <size>
    <width>1100</width>
    <height>815</height>
    <depth>3</depth>
  </size>
  <segmented>0</segmented>
  <object>
    <name>pistol</name>
    <pose>Unspecified</pose>
    <truncated>0</truncated>
    <difficult>0</difficult>
    <bndbox>
      <xmin>13</xmin>
      <ymin>13</ymin>
      <xmax>1081</xmax>
      <ymax>659</ymax>
    </bndbox>
  </object>
</annotation>
