<annotation>
  <folder>Definitiva</folder>
  <filename>armas (123)</filename>
  <path>C:\Users\Rob\Desktop\Definitiva\armas (123).jpg</path>
  <source>
    <database>Unknown</database>
  </source>
  <size>
    <width>1300</width>
    <height>1300</height>
    <depth>3</depth>
  </size>
  <segmented>0</segmented>
  <object>
    <name>pistol</name>
    <pose>Unspecified</pose>
    <truncated>0</truncated>
    <difficult>0</difficult>
    <bndbox>
      <xmin>483</xmin>
      <ymin>162</ymin>
      <xmax>578</xmax>
      <ymax>407</ymax>
    </bndbox>
  </object>
  <object>
    <name>pistol</name>
    <pose>Unspecified</pose>
    <truncated>0</truncated>
    <difficult>0</difficult>
    <bndbox>
      <xmin>1071</xmin>
      <ymin>162</ymin>
      <xmax>1166</xmax>
      <ymax>407</ymax>
    </bndbox>
  </object>
</annotation>
