<annotation>
  <folder>Definitiva</folder>
  <filename>armas (2599)</filename>
  <path>C:\Users\Rob\Desktop\Definitiva\armas (2599).jpg</path>
  <source>
    <database>Unknown</database>
  </source>
  <size>
    <width>160</width>
    <height>120</height>
    <depth>3</depth>
  </size>
  <segmented>0</segmented>
  <object>
    <name>pistol</name>
    <pose>Unspecified</pose>
    <truncated>0</truncated>
    <difficult>0</difficult>
    <bndbox>
      <xmin>2</xmin>
      <ymin>13</ymin>
      <xmax>157</xmax>
      <ymax>88</ymax>
    </bndbox>
  </object>
</annotation>
