<annotation>
  <folder>Definitiva</folder>
  <filename>armas (569)</filename>
  <path>C:\Users\Rob\Desktop\Definitiva\armas (569).jpg</path>
  <source>
    <database>Unknown</database>
  </source>
  <size>
    <width>800</width>
    <height>600</height>
    <depth>3</depth>
  </size>
  <segmented>0</segmented>
  <object>
    <name>pistol</name>
    <pose>Unspecified</pose>
    <truncated>0</truncated>
    <difficult>0</difficult>
    <bndbox>
      <xmin>46</xmin>
      <ymin>110</ymin>
      <xmax>760</xmax>
      <ymax>600</ymax>
    </bndbox>
  </object>
</annotation>
