<annotation>
  <folder>Definitiva</folder>
  <filename>armas (1946)</filename>
  <path>C:\Users\Rob\Desktop\Definitiva\armas (1946).jpg</path>
  <source>
    <database>Unknown</database>
  </source>
  <size>
    <width>1500</width>
    <height>1098</height>
    <depth>3</depth>
  </size>
  <segmented>0</segmented>
  <object>
    <name>pistol</name>
    <pose>Unspecified</pose>
    <truncated>0</truncated>
    <difficult>0</difficult>
    <bndbox>
      <xmin>552</xmin>
      <ymin>310</ymin>
      <xmax>632</xmax>
      <ymax>409</ymax>
    </bndbox>
  </object>
</annotation>
