<annotation>
  <folder>Definitiva</folder>
  <filename>armas (197)</filename>
  <path>C:\Users\Rob\Desktop\Definitiva\armas (197).jpg</path>
  <source>
    <database>Unknown</database>
  </source>
  <size>
    <width>560</width>
    <height>292</height>
    <depth>3</depth>
  </size>
  <segmented>0</segmented>
  <object>
    <name>pistol</name>
    <pose>Unspecified</pose>
    <truncated>0</truncated>
    <difficult>0</difficult>
    <bndbox>
      <xmin>175</xmin>
      <ymin>77</ymin>
      <xmax>382</xmax>
      <ymax>210</ymax>
    </bndbox>
  </object>
</annotation>
