<annotation>
  <folder>Definitiva</folder>
  <filename>armas (748)</filename>
  <path>C:\Users\Rob\Desktop\Definitiva\armas (748).jpg</path>
  <source>
    <database>Unknown</database>
  </source>
  <size>
    <width>992</width>
    <height>744</height>
    <depth>3</depth>
  </size>
  <segmented>0</segmented>
  <object>
    <name>pistol</name>
    <pose>Unspecified</pose>
    <truncated>0</truncated>
    <difficult>0</difficult>
    <bndbox>
      <xmin>82</xmin>
      <ymin>160</ymin>
      <xmax>763</xmax>
      <ymax>625</ymax>
    </bndbox>
  </object>
</annotation>
