<annotation>
  <folder>Definitiva</folder>
  <filename>armas (420)</filename>
  <path>C:\Users\Rob\Desktop\Definitiva\armas (420).jpg</path>
  <source>
    <database>Unknown</database>
  </source>
  <size>
    <width>1024</width>
    <height>678</height>
    <depth>3</depth>
  </size>
  <segmented>0</segmented>
  <object>
    <name>pistol</name>
    <pose>Unspecified</pose>
    <truncated>0</truncated>
    <difficult>0</difficult>
    <bndbox>
      <xmin>433</xmin>
      <ymin>210</ymin>
      <xmax>648</xmax>
      <ymax>371</ymax>
    </bndbox>
  </object>
</annotation>
