<annotation>
  <folder>Definitiva</folder>
  <filename>armas (1815)</filename>
  <path>C:\Users\Rob\Desktop\Definitiva\armas (1815).jpg</path>
  <source>
    <database>Unknown</database>
  </source>
  <size>
    <width>392</width>
    <height>500</height>
    <depth>1</depth>
  </size>
  <segmented>0</segmented>
  <object>
    <name>pistol</name>
    <pose>Unspecified</pose>
    <truncated>0</truncated>
    <difficult>0</difficult>
    <bndbox>
      <xmin>159</xmin>
      <ymin>385</ymin>
      <xmax>250</xmax>
      <ymax>481</ymax>
    </bndbox>
  </object>
</annotation>
