<annotation>
  <folder>Definitiva</folder>
  <filename>armas (1526)</filename>
  <path>C:\Users\Rob\Desktop\Definitiva\armas (1526).jpg</path>
  <source>
    <database>Unknown</database>
  </source>
  <size>
    <width>387</width>
    <height>500</height>
    <depth>3</depth>
  </size>
  <segmented>0</segmented>
  <object>
    <name>pistol</name>
    <pose>Unspecified</pose>
    <truncated>0</truncated>
    <difficult>0</difficult>
    <bndbox>
      <xmin>83</xmin>
      <ymin>350</ymin>
      <xmax>108</xmax>
      <ymax>383</ymax>
    </bndbox>
  </object>
  <object>
    <name>pistol</name>
    <pose>Unspecified</pose>
    <truncated>0</truncated>
    <difficult>0</difficult>
    <bndbox>
      <xmin>36</xmin>
      <ymin>76</ymin>
      <xmax>73</xmax>
      <ymax>186</ymax>
    </bndbox>
  </object>
  <object>
    <name>pistol</name>
    <pose>Unspecified</pose>
    <truncated>0</truncated>
    <difficult>0</difficult>
    <bndbox>
      <xmin>250</xmin>
      <ymin>57</ymin>
      <xmax>294</xmax>
      <ymax>85</ymax>
    </bndbox>
  </object>
  <object>
    <name>pistol</name>
    <pose>Unspecified</pose>
    <truncated>0</truncated>
    <difficult>0</difficult>
    <bndbox>
      <xmin>290</xmin>
      <ymin>167</ymin>
      <xmax>333</xmax>
      <ymax>198</ymax>
    </bndbox>
  </object>
  <object>
    <name>pistol</name>
    <pose>Unspecified</pose>
    <truncated>0</truncated>
    <difficult>0</difficult>
    <bndbox>
      <xmin>183</xmin>
      <ymin>388</ymin>
      <xmax>193</xmax>
      <ymax>409</ymax>
    </bndbox>
  </object>
</annotation>
