<annotation>
  <folder>Definitiva</folder>
  <filename>armas (2022)</filename>
  <path>C:\Users\Rob\Desktop\Definitiva\armas (2022).jpg</path>
  <source>
    <database>Unknown</database>
  </source>
  <size>
    <width>940</width>
    <height>705</height>
    <depth>3</depth>
  </size>
  <segmented>0</segmented>
  <object>
    <name>pistol</name>
    <pose>Unspecified</pose>
    <truncated>0</truncated>
    <difficult>0</difficult>
    <bndbox>
      <xmin>515</xmin>
      <ymin>171</ymin>
      <xmax>628</xmax>
      <ymax>221</ymax>
    </bndbox>
  </object>
</annotation>
