<annotation>
  <folder>Definitiva</folder>
  <filename>armas (2809)</filename>
  <path>C:\Users\Rob\Desktop\Definitiva\armas (2809).jpg</path>
  <source>
    <database>Unknown</database>
  </source>
  <size>
    <width>961</width>
    <height>606</height>
    <depth>3</depth>
  </size>
  <segmented>0</segmented>
  <object>
    <name>pistol</name>
    <pose>Unspecified</pose>
    <truncated>0</truncated>
    <difficult>0</difficult>
    <bndbox>
      <xmin>160</xmin>
      <ymin>286</ymin>
      <xmax>574</xmax>
      <ymax>604</ymax>
    </bndbox>
  </object>
</annotation>
