<annotation>
  <folder>Definitiva</folder>
  <filename>armas (2998)</filename>
  <path>C:\Users\Rob\Desktop\Definitiva\armas (2998).jpg</path>
  <source>
    <database>Unknown</database>
  </source>
  <size>
    <width>971</width>
    <height>501</height>
    <depth>3</depth>
  </size>
  <segmented>0</segmented>
  <object>
    <name>pistol</name>
    <pose>Unspecified</pose>
    <truncated>0</truncated>
    <difficult>0</difficult>
    <bndbox>
      <xmin>472</xmin>
      <ymin>207</ymin>
      <xmax>828</xmax>
      <ymax>467</ymax>
    </bndbox>
  </object>
</annotation>
