<annotation>
  <folder>Definitiva</folder>
  <filename>armas (953)</filename>
  <path>C:\Users\Rob\Desktop\Definitiva\armas (953).jpg</path>
  <source>
    <database>Unknown</database>
  </source>
  <size>
    <width>262</width>
    <height>192</height>
    <depth>3</depth>
  </size>
  <segmented>0</segmented>
  <object>
    <name>pistol</name>
    <pose>Unspecified</pose>
    <truncated>0</truncated>
    <difficult>0</difficult>
    <bndbox>
      <xmin>177</xmin>
      <ymin>54</ymin>
      <xmax>254</xmax>
      <ymax>136</ymax>
    </bndbox>
  </object>
</annotation>
