<annotation>
  <folder>Definitiva</folder>
  <filename>armas (744)</filename>
  <path>C:\Users\Rob\Desktop\Definitiva\armas (744).jpg</path>
  <source>
    <database>Unknown</database>
  </source>
  <size>
    <width>1200</width>
    <height>800</height>
    <depth>3</depth>
  </size>
  <segmented>0</segmented>
  <object>
    <name>pistol</name>
    <pose>Unspecified</pose>
    <truncated>0</truncated>
    <difficult>0</difficult>
    <bndbox>
      <xmin>326</xmin>
      <ymin>153</ymin>
      <xmax>931</xmax>
      <ymax>756</ymax>
    </bndbox>
  </object>
</annotation>
