<annotation>
  <folder>Definitiva</folder>
  <filename>armas (636)</filename>
  <path>C:\Users\Rob\Desktop\Definitiva\armas (636).jpg</path>
  <source>
    <database>Unknown</database>
  </source>
  <size>
    <width>615</width>
    <height>409</height>
    <depth>3</depth>
  </size>
  <segmented>0</segmented>
  <object>
    <name>pistol</name>
    <pose>Unspecified</pose>
    <truncated>0</truncated>
    <difficult>0</difficult>
    <bndbox>
      <xmin>180</xmin>
      <ymin>126</ymin>
      <xmax>257</xmax>
      <ymax>182</ymax>
    </bndbox>
  </object>
</annotation>
