<annotation>
  <folder>Definitiva</folder>
  <filename>armas (1931)</filename>
  <path>C:\Users\Rob\Desktop\Definitiva\armas (1931).jpg</path>
  <source>
    <database>Unknown</database>
  </source>
  <size>
    <width>1500</width>
    <height>1100</height>
    <depth>3</depth>
  </size>
  <segmented>0</segmented>
  <object>
    <name>pistol</name>
    <pose>Unspecified</pose>
    <truncated>0</truncated>
    <difficult>0</difficult>
    <bndbox>
      <xmin>762</xmin>
      <ymin>311</ymin>
      <xmax>1234</xmax>
      <ymax>863</ymax>
    </bndbox>
  </object>
</annotation>
