<annotation>
  <folder>Definitiva</folder>
  <filename>armas (2808)</filename>
  <path>C:\Users\Rob\Desktop\Definitiva\armas (2808).jpg</path>
  <source>
    <database>Unknown</database>
  </source>
  <size>
    <width>300</width>
    <height>450</height>
    <depth>3</depth>
  </size>
  <segmented>0</segmented>
  <object>
    <name>pistol</name>
    <pose>Unspecified</pose>
    <truncated>0</truncated>
    <difficult>0</difficult>
    <bndbox>
      <xmin>51</xmin>
      <ymin>28</ymin>
      <xmax>229</xmax>
      <ymax>428</ymax>
    </bndbox>
  </object>
</annotation>
