<annotation>
  <folder>Definitiva</folder>
  <filename>armas (2055)</filename>
  <path>C:\Users\Rob\Desktop\Definitiva\armas (2055).jpg</path>
  <source>
    <database>Unknown</database>
  </source>
  <size>
    <width>725</width>
    <height>432</height>
    <depth>3</depth>
  </size>
  <segmented>0</segmented>
  <object>
    <name>pistol</name>
    <pose>Unspecified</pose>
    <truncated>0</truncated>
    <difficult>0</difficult>
    <bndbox>
      <xmin>7</xmin>
      <ymin>8</ymin>
      <xmax>719</xmax>
      <ymax>425</ymax>
    </bndbox>
  </object>
</annotation>
