<annotation>
  <folder>Definitiva</folder>
  <filename>armas (841)</filename>
  <path>C:\Users\Rob\Desktop\Definitiva\armas (841).jpg</path>
  <source>
    <database>Unknown</database>
  </source>
  <size>
    <width>275</width>
    <height>183</height>
    <depth>3</depth>
  </size>
  <segmented>0</segmented>
  <object>
    <name>pistol</name>
    <pose>Unspecified</pose>
    <truncated>0</truncated>
    <difficult>0</difficult>
    <bndbox>
      <xmin>95</xmin>
      <ymin>48</ymin>
      <xmax>208</xmax>
      <ymax>132</ymax>
    </bndbox>
  </object>
</annotation>
