<annotation>
  <folder>Definitiva</folder>
  <filename>armas (396)</filename>
  <path>C:\Users\Rob\Desktop\Definitiva\armas (396).jpg</path>
  <source>
    <database>Unknown</database>
  </source>
  <size>
    <width>1023</width>
    <height>805</height>
    <depth>3</depth>
  </size>
  <segmented>0</segmented>
  <object>
    <name>pistol</name>
    <pose>Unspecified</pose>
    <truncated>0</truncated>
    <difficult>0</difficult>
    <bndbox>
      <xmin>148</xmin>
      <ymin>181</ymin>
      <xmax>474</xmax>
      <ymax>423</ymax>
    </bndbox>
  </object>
</annotation>
