<annotation>
  <folder>Definitiva</folder>
  <filename>armas (899)</filename>
  <path>C:\Users\Rob\Desktop\Definitiva\armas (899).jpg</path>
  <source>
    <database>Unknown</database>
  </source>
  <size>
    <width>277</width>
    <height>182</height>
    <depth>3</depth>
  </size>
  <segmented>0</segmented>
  <object>
    <name>pistol</name>
    <pose>Unspecified</pose>
    <truncated>0</truncated>
    <difficult>0</difficult>
    <bndbox>
      <xmin>140</xmin>
      <ymin>72</ymin>
      <xmax>176</xmax>
      <ymax>104</ymax>
    </bndbox>
  </object>
</annotation>
