<annotation>
  <folder>Definitiva</folder>
  <filename>armas (2147)</filename>
  <path>C:\Users\Rob\Desktop\Definitiva\armas (2147).jpg</path>
  <source>
    <database>Unknown</database>
  </source>
  <size>
    <width>656</width>
    <height>490</height>
    <depth>3</depth>
  </size>
  <segmented>0</segmented>
  <object>
    <name>pistol</name>
    <pose>Unspecified</pose>
    <truncated>0</truncated>
    <difficult>0</difficult>
    <bndbox>
      <xmin>178</xmin>
      <ymin>204</ymin>
      <xmax>332</xmax>
      <ymax>273</ymax>
    </bndbox>
  </object>
  <object>
    <name>pistol</name>
    <pose>Unspecified</pose>
    <truncated>0</truncated>
    <difficult>0</difficult>
    <bndbox>
      <xmin>123</xmin>
      <ymin>302</ymin>
      <xmax>275</xmax>
      <ymax>370</ymax>
    </bndbox>
  </object>
  <object>
    <name>pistol</name>
    <pose>Unspecified</pose>
    <truncated>0</truncated>
    <difficult>0</difficult>
    <bndbox>
      <xmin>354</xmin>
      <ymin>236</ymin>
      <xmax>467</xmax>
      <ymax>293</ymax>
    </bndbox>
  </object>
  <object>
    <name>pistol</name>
    <pose>Unspecified</pose>
    <truncated>0</truncated>
    <difficult>0</difficult>
    <bndbox>
      <xmin>446</xmin>
      <ymin>166</ymin>
      <xmax>575</xmax>
      <ymax>216</ymax>
    </bndbox>
  </object>
  <object>
    <name>pistol</name>
    <pose>Unspecified</pose>
    <truncated>0</truncated>
    <difficult>0</difficult>
    <bndbox>
      <xmin>475</xmin>
      <ymin>75</ymin>
      <xmax>616</xmax>
      <ymax>127</ymax>
    </bndbox>
  </object>
  <object>
    <name>pistol</name>
    <pose>Unspecified</pose>
    <truncated>0</truncated>
    <difficult>0</difficult>
    <bndbox>
      <xmin>552</xmin>
      <ymin>119</ymin>
      <xmax>647</xmax>
      <ymax>147</ymax>
    </bndbox>
  </object>
</annotation>
