<annotation>
  <folder>Definitiva</folder>
  <filename>armas (1208)</filename>
  <path>C:\Users\Rob\Desktop\Definitiva\armas (1208).jpg</path>
  <source>
    <database>Unknown</database>
  </source>
  <size>
    <width>590</width>
    <height>441</height>
    <depth>3</depth>
  </size>
  <segmented>0</segmented>
  <object>
    <name>pistol</name>
    <pose>Unspecified</pose>
    <truncated>0</truncated>
    <difficult>0</difficult>
    <bndbox>
      <xmin>135</xmin>
      <ymin>163</ymin>
      <xmax>556</xmax>
      <ymax>398</ymax>
    </bndbox>
  </object>
  <object>
    <name>pistol</name>
    <pose>Unspecified</pose>
    <truncated>0</truncated>
    <difficult>0</difficult>
    <bndbox>
      <xmin>18</xmin>
      <ymin>5</ymin>
      <xmax>406</xmax>
      <ymax>321</ymax>
    </bndbox>
  </object>
</annotation>
