<annotation>
  <folder>Definitiva</folder>
  <filename>armas (2977)</filename>
  <path>C:\Users\Rob\Desktop\Definitiva\armas (2977).jpg</path>
  <source>
    <database>Unknown</database>
  </source>
  <size>
    <width>760</width>
    <height>448</height>
    <depth>3</depth>
  </size>
  <segmented>0</segmented>
  <object>
    <name>pistol</name>
    <pose>Unspecified</pose>
    <truncated>0</truncated>
    <difficult>0</difficult>
    <bndbox>
      <xmin>34</xmin>
      <ymin>13</ymin>
      <xmax>734</xmax>
      <ymax>410</ymax>
    </bndbox>
  </object>
</annotation>
