<annotation>
  <folder>Definitiva</folder>
  <filename>armas (206)</filename>
  <path>C:\Users\Rob\Desktop\Definitiva\armas (206).jpg</path>
  <source>
    <database>Unknown</database>
  </source>
  <size>
    <width>728</width>
    <height>546</height>
    <depth>3</depth>
  </size>
  <segmented>0</segmented>
  <object>
    <name>pistol</name>
    <pose>Unspecified</pose>
    <truncated>0</truncated>
    <difficult>0</difficult>
    <bndbox>
      <xmin>77</xmin>
      <ymin>63</ymin>
      <xmax>628</xmax>
      <ymax>442</ymax>
    </bndbox>
  </object>
</annotation>
