<annotation>
  <folder>Definitiva</folder>
  <filename>armas (1634)</filename>
  <path>C:\Users\Rob\Desktop\Definitiva\armas (1634).jpg</path>
  <source>
    <database>Unknown</database>
  </source>
  <size>
    <width>479</width>
    <height>367</height>
    <depth>3</depth>
  </size>
  <segmented>0</segmented>
  <object>
    <name>pistol</name>
    <pose>Unspecified</pose>
    <truncated>0</truncated>
    <difficult>0</difficult>
    <bndbox>
      <xmin>92</xmin>
      <ymin>54</ymin>
      <xmax>374</xmax>
      <ymax>259</ymax>
    </bndbox>
  </object>
</annotation>
