<annotation>
  <folder>Definitiva</folder>
  <filename>armas (302)</filename>
  <path>C:\Users\Rob\Desktop\Definitiva\armas (302).jpg</path>
  <source>
    <database>Unknown</database>
  </source>
  <size>
    <width>1500</width>
    <height>1000</height>
    <depth>3</depth>
  </size>
  <segmented>0</segmented>
  <object>
    <name>pistol</name>
    <pose>Unspecified</pose>
    <truncated>0</truncated>
    <difficult>0</difficult>
    <bndbox>
      <xmin>981</xmin>
      <ymin>416</ymin>
      <xmax>1068</xmax>
      <ymax>483</ymax>
    </bndbox>
  </object>
  <object>
    <name>pistol</name>
    <pose>Unspecified</pose>
    <truncated>0</truncated>
    <difficult>0</difficult>
    <bndbox>
      <xmin>784</xmin>
      <ymin>403</ymin>
      <xmax>894</xmax>
      <ymax>457</ymax>
    </bndbox>
  </object>
</annotation>
