<annotation>
  <folder>Definitiva</folder>
  <filename>armas (2844)</filename>
  <path>C:\Users\Rob\Desktop\Definitiva\armas (2844).jpg</path>
  <source>
    <database>Unknown</database>
  </source>
  <size>
    <width>660</width>
    <height>505</height>
    <depth>3</depth>
  </size>
  <segmented>0</segmented>
  <object>
    <name>pistol</name>
    <pose>Unspecified</pose>
    <truncated>0</truncated>
    <difficult>0</difficult>
    <bndbox>
      <xmin>9</xmin>
      <ymin>17</ymin>
      <xmax>649</xmax>
      <ymax>501</ymax>
    </bndbox>
  </object>
</annotation>
