<annotation>
  <folder>Definitiva</folder>
  <filename>armas (1751)</filename>
  <path>C:\Users\Rob\Desktop\Definitiva\armas (1751).jpg</path>
  <source>
    <database>Unknown</database>
  </source>
  <size>
    <width>600</width>
    <height>443</height>
    <depth>3</depth>
  </size>
  <segmented>0</segmented>
  <object>
    <name>pistol</name>
    <pose>Unspecified</pose>
    <truncated>0</truncated>
    <difficult>0</difficult>
    <bndbox>
      <xmin>61</xmin>
      <ymin>114</ymin>
      <xmax>309</xmax>
      <ymax>262</ymax>
    </bndbox>
  </object>
</annotation>
