<annotation>
  <folder>Definitiva</folder>
  <filename>armas (676)</filename>
  <path>C:\Users\Rob\Desktop\Definitiva\armas (676).jpg</path>
  <source>
    <database>Unknown</database>
  </source>
  <size>
    <width>1500</width>
    <height>1125</height>
    <depth>3</depth>
  </size>
  <segmented>0</segmented>
  <object>
    <name>pistol</name>
    <pose>Unspecified</pose>
    <truncated>0</truncated>
    <difficult>0</difficult>
    <bndbox>
      <xmin>246</xmin>
      <ymin>280</ymin>
      <xmax>1273</xmax>
      <ymax>900</ymax>
    </bndbox>
  </object>
</annotation>
