<annotation>
  <folder>Definitiva</folder>
  <filename>armas (2849)</filename>
  <path>C:\Users\Rob\Desktop\Definitiva\armas (2849).jpg</path>
  <source>
    <database>Unknown</database>
  </source>
  <size>
    <width>590</width>
    <height>421</height>
    <depth>3</depth>
  </size>
  <segmented>0</segmented>
  <object>
    <name>pistol</name>
    <pose>Unspecified</pose>
    <truncated>0</truncated>
    <difficult>0</difficult>
    <bndbox>
      <xmin>103</xmin>
      <ymin>140</ymin>
      <xmax>376</xmax>
      <ymax>397</ymax>
    </bndbox>
  </object>
</annotation>
