<annotation>
  <folder>Definitiva</folder>
  <filename>armas (1792)</filename>
  <path>C:\Users\Rob\Desktop\Definitiva\armas (1792).jpg</path>
  <source>
    <database>Unknown</database>
  </source>
  <size>
    <width>1400</width>
    <height>1050</height>
    <depth>3</depth>
  </size>
  <segmented>0</segmented>
  <object>
    <name>pistol</name>
    <pose>Unspecified</pose>
    <truncated>0</truncated>
    <difficult>0</difficult>
    <bndbox>
      <xmin>80</xmin>
      <ymin>121</ymin>
      <xmax>1315</xmax>
      <ymax>1001</ymax>
    </bndbox>
  </object>
</annotation>
